event_id,split,reference_theta_deg,reference_phi_deg,reference_energy_eev,selected_stations,zenith_bin,multiplicity_bin,energy_bin,stratum
40850926700,train,38.14,316.5,3.007,6.0,30-45,6-7,q1,30-45|6-7|q1
41030408300,validation,6.46,240.74,4.768,6.0,0-15,6-7,q3,0-15|6-7|q3
41301677900,train,25.38,51.8,3.965,8.0,15-30,8-11,q2,15-30|8-11|q2
41314090300,train,44.7,143.38,3.618,8.0,30-45,8-11,q2,30-45|8-11|q2
41386116600,train,28.6,175.55,13.89,8.0,15-30,8-11,q4,15-30|8-11|q4
41801363100,test,36.64,186.15,2.7,6.0,30-45,6-7,q1,30-45|6-7|q1
41914977200,train,37.42,347.92,4.509,6.0,30-45,6-7,q2,30-45|6-7|q2
42135978600,train,47.76,228.93,3.282,8.0,45-60,8-11,q1,45-60|8-11|q1
42205560100,train,47.15,279.45,3.444,6.0,45-60,6-7,q2,45-60|6-7|q2
43421124800,train,43.0,330.91,2.864,8.0,30-45,8-11,q1,30-45|8-11|q1
43494691500,train,38.58,267.51,3.199,8.0,30-45,8-11,q1,30-45|8-11|q1
50474148300,train,45.18,106.11,8.75,8.0,45-60,8-11,q4,45-60|8-11|q4
50631362300,train,6.64,82.68,6.151,6.0,0-15,6-7,q3,0-15|6-7|q3
50722062400,test,27.09,147.08,5.459,6.0,15-30,6-7,q3,15-30|6-7|q3
50742424600,validation,35.88,21.27,9.171,7.0,30-45,6-7,q4,30-45|6-7|q4
50774584600,train,49.77,215.22,7.49,8.0,45-60,8-11,q3,45-60|8-11|q3
51026391500,test,59.21,54.77,8.24,7.0,45-60,6-7,q4,45-60|6-7|q4
51052781100,validation,37.42,21.54,4.023,8.0,30-45,8-11,q2,30-45|8-11|q2
51361456500,validation,22.49,139.2,3.789,6.0,15-30,6-7,q2,15-30|6-7|q2
51500308800,validation,41.14,270.42,5.7,8.0,30-45,8-11,q3,30-45|8-11|q3
51511972600,test,19.92,93.59,7.189,8.0,15-30,8-11,q3,15-30|8-11|q3
51686630200,test,34.03,248.88,9.011,6.0,30-45,6-7,q4,30-45|6-7|q4
51995945600,train,58.7,304.62,4.916,7.0,45-60,6-7,q3,45-60|6-7|q3
52071357100,validation,39.46,49.3,3.483,6.0,30-45,6-7,q2,30-45|6-7|q2
52095262800,test,55.32,101.54,5.575,9.0,45-60,8-11,q3,45-60|8-11|q3
52740458700,train,41.28,232.42,10.808,9.0,30-45,8-11,q4,30-45|8-11|q4
52751030701,train,47.88,344.71,16.817,13.0,45-60,12+,q4,45-60|12+|q4
52762129500,validation,21.98,175.86,4.105,7.0,15-30,6-7,q2,15-30|6-7|q2
52802516400,train,36.63,124.34,8.551,7.0,30-45,6-7,q4,30-45|6-7|q4
52903283300,train,47.08,208.15,27.997,13.0,45-60,12+,q4,45-60|12+|q4
53117914400,train,12.08,355.45,16.535,8.0,0-15,8-11,q4,0-15|8-11|q4
53158540700,test,6.67,262.65,4.222,7.0,0-15,6-7,q2,0-15|6-7|q2
53191768500,train,58.67,128.93,18.515,14.0,45-60,12+,q4,45-60|12+|q4
53200335400,train,40.21,128.26,4.439,9.0,30-45,8-11,q2,30-45|8-11|q2
53275880800,train,29.46,140.24,5.56,8.0,15-30,8-11,q3,15-30|8-11|q3
53294830100,train,41.55,169.46,8.049,7.0,30-45,6-7,q4,30-45|6-7|q4
53355056300,validation,24.69,12.58,6.583,8.0,15-30,8-11,q3,15-30|8-11|q3
53422396600,train,45.47,32.63,3.624,6.0,45-60,6-7,q2,45-60|6-7|q2
53632773700,train,13.73,166.76,36.924,9.0,0-15,8-11,q4,0-15|8-11|q4
60222782400,validation,35.5,244.73,26.632,13.0,30-45,12+,q4,30-45|12+|q4
60274533000,test,50.58,264.46,5.377,10.0,45-60,8-11,q3,45-60|8-11|q3
60662639900,validation,43.86,243.06,4.311,8.0,30-45,8-11,q2,30-45|8-11|q2
60662831000,train,13.78,259.57,5.838,6.0,0-15,6-7,q3,0-15|6-7|q3
60675864400,train,28.06,181.45,3.939,6.0,15-30,6-7,q2,15-30|6-7|q2
60684021500,train,43.62,213.13,32.209,13.0,30-45,12+,q4,30-45|12+|q4
60687926300,train,56.6,27.65,2.503,6.0,45-60,6-7,q1,45-60|6-7|q1
60745045800,train,20.22,71.83,20.1,9.0,15-30,8-11,q4,15-30|8-11|q4
60815505400,test,34.09,311.1,70.175,15.0,30-45,12+,q4,30-45|12+|q4
60854118300,train,9.33,150.83,4.002,6.0,0-15,6-7,q2,0-15|6-7|q2
61035606600,train,49.94,254.37,47.125,19.0,45-60,12+,q4,45-60|12+|q4
61142448700,train,41.29,258.26,2.66,6.0,30-45,6-7,q1,30-45|6-7|q1
61237294100,train,13.73,123.59,3.862,6.0,0-15,6-7,q2,0-15|6-7|q2
61437890900,train,43.41,111.59,2.993,8.0,30-45,8-11,q1,30-45|8-11|q1
61454411100,train,56.92,299.56,3.376,8.0,45-60,8-11,q2,45-60|8-11|q2
61463101100,test,10.98,266.13,24.536,10.0,0-15,8-11,q4,0-15|8-11|q4
61481335300,train,52.46,283.7,6.599,12.0,45-60,12+,q3,45-60|12+|q3
61486202600,train,49.03,203.6,2.703,6.0,45-60,6-7,q1,45-60|6-7|q1
61562847400,train,14.36,320.5,7.356,8.0,0-15,8-11,q3,0-15|8-11|q3
61563717400,test,40.81,41.18,4.696,8.0,30-45,8-11,q2,30-45|8-11|q2
61588000300,train,27.67,264.84,4.003,6.0,15-30,6-7,q2,15-30|6-7|q2
61737592001,train,10.21,299.49,3.604,7.0,0-15,6-7,q2,0-15|6-7|q2
61841956300,train,59.26,112.38,2.858,8.0,45-60,8-11,q1,45-60|8-11|q1
61968035800,train,38.38,291.92,2.943,8.0,30-45,8-11,q1,30-45|8-11|q1
61996201600,test,43.63,207.27,3.316,7.0,30-45,6-7,q1,30-45|6-7|q1
62201372800,train,28.32,214.62,3.053,6.0,15-30,6-7,q1,15-30|6-7|q1
62201435400,validation,48.9,252.52,5.83,6.0,45-60,6-7,q3,45-60|6-7|q3
62233313200,train,31.65,218.83,7.652,8.0,30-45,8-11,q4,30-45|8-11|q4
62244805800,test,13.46,333.38,5.952,8.0,0-15,8-11,q3,0-15|8-11|q3
62247605100,train,39.31,265.92,19.829,11.0,30-45,8-11,q4,30-45|8-11|q4
62336716400,train,12.83,38.51,5.606,6.0,0-15,6-7,q3,0-15|6-7|q3
62533210600,test,46.39,154.06,4.633,7.0,45-60,6-7,q2,45-60|6-7|q2
62638316700,test,49.66,241.49,8.582,11.0,45-60,8-11,q4,45-60|8-11|q4
62702469900,train,27.77,38.6,16.557,10.0,15-30,8-11,q4,15-30|8-11|q4
62872984600,train,57.25,331.23,5.653,12.0,45-60,12+,q3,45-60|12+|q3
63074247700,test,29.85,190.31,7.443,9.0,15-30,8-11,q3,15-30|8-11|q3
63102975600,validation,51.14,323.7,3.792,8.0,45-60,8-11,q2,45-60|8-11|q2
63380539200,train,26.75,40.99,4.603,6.0,15-30,6-7,q2,15-30|6-7|q2
63452977500,train,26.27,66.89,4.676,6.0,15-30,6-7,q2,15-30|6-7|q2
63453585100,validation,17.81,269.08,21.0,9.0,15-30,8-11,q4,15-30|8-11|q4
63570414200,train,6.55,140.14,3.712,6.0,0-15,6-7,q2,0-15|6-7|q2
63616098300,validation,50.84,286.64,6.563,9.0,45-60,8-11,q3,45-60|8-11|q3
63630537600,test,21.61,271.29,4.744,6.0,15-30,6-7,q3,15-30|6-7|q3
70012317200,train,49.53,295.62,6.378,9.0,45-60,8-11,q3,45-60|8-11|q3
70026289900,train,22.64,242.75,9.319,7.0,15-30,6-7,q4,15-30|6-7|q4
70027733300,train,40.91,102.28,21.1,14.0,30-45,12+,q4,30-45|12+|q4
70114766300,validation,59.64,49.87,3.178,10.0,45-60,8-11,q1,45-60|8-11|q1
70137858700,train,14.32,86.42,144.115,13.0,0-15,12+,q4,0-15|12+|q4
70235937501,train,39.45,260.88,2.302,7.0,30-45,6-7,q1,30-45|6-7|q1
70330020700,validation,50.24,51.93,3.152,7.0,45-60,6-7,q1,45-60|6-7|q1
70354479300,train,52.62,311.12,11.598,9.0,45-60,8-11,q4,45-60|8-11|q4
70502136800,validation,48.65,162.23,3.58,7.0,45-60,6-7,q2,45-60|6-7|q2
70597067100,train,19.09,252.39,8.745,7.0,15-30,6-7,q4,15-30|6-7|q4
70615916900,train,46.39,62.22,4.724,7.0,45-60,6-7,q3,45-60|6-7|q3
70717920900,train,21.43,12.61,49.015,13.0,15-30,12+,q4,15-30|12+|q4
70767063900,train,28.93,180.48,13.131,9.0,15-30,8-11,q4,15-30|8-11|q4
70768502500,train,8.18,210.29,14.278,8.0,0-15,8-11,q4,0-15|8-11|q4
71037143400,validation,19.94,301.24,2.973,6.0,15-30,6-7,q1,15-30|6-7|q1
71116613401,train,18.3,348.09,12.393,7.0,15-30,6-7,q4,15-30|6-7|q4
71294336700,validation,19.17,239.49,10.582,8.0,15-30,8-11,q4,15-30|8-11|q4
71344648400,test,50.55,312.43,16.886,14.0,45-60,12+,q4,45-60|12+|q4
71665586700,validation,30.41,276.19,15.263,9.0,30-45,8-11,q4,30-45|8-11|q4
71702713200,train,11.43,67.11,4.144,6.0,0-15,6-7,q2,0-15|6-7|q2
71728513800,train,35.32,83.06,4.007,6.0,30-45,6-7,q2,30-45|6-7|q2
71742188100,train,6.89,100.19,3.911,6.0,0-15,6-7,q2,0-15|6-7|q2
71770506800,train,56.97,26.7,6.72,14.0,45-60,12+,q3,45-60|12+|q3
71817775700,train,43.83,273.49,2.943,6.0,30-45,6-7,q1,30-45|6-7|q1
71821334500,test,25.13,9.86,29.363,10.0,15-30,8-11,q4,15-30|8-11|q4
71832419000,train,36.73,335.99,2.54,6.0,30-45,6-7,q1,30-45|6-7|q1
71842452300,validation,11.85,193.31,20.085,7.0,0-15,6-7,q4,0-15|6-7|q4
71855971500,train,56.48,57.01,17.155,17.0,45-60,12+,q4,45-60|12+|q4
71866675200,train,17.29,16.16,4.88,6.0,15-30,6-7,q3,15-30|6-7|q3
71898327100,train,52.47,245.3,6.029,7.0,45-60,6-7,q3,45-60|6-7|q3
71920735300,train,42.0,243.46,8.579,9.0,30-45,8-11,q4,30-45|8-11|q4
71957711600,train,28.04,235.7,3.058,6.0,15-30,6-7,q1,15-30|6-7|q1
72065151000,train,25.64,317.63,10.192,8.0,15-30,8-11,q4,15-30|8-11|q4
72125057600,test,59.51,290.88,6.354,9.0,45-60,8-11,q3,45-60|8-11|q3
72157701100,train,38.18,194.54,4.977,6.0,30-45,6-7,q3,30-45|6-7|q3
72200957100,train,54.55,27.0,4.023,8.0,45-60,8-11,q2,45-60|8-11|q2
72216443501,test,21.46,203.43,5.032,7.0,15-30,6-7,q3,15-30|6-7|q3
72234094000,train,29.65,7.19,6.929,8.0,15-30,8-11,q3,15-30|8-11|q3
72247754700,validation,6.5,61.93,22.693,9.0,0-15,8-11,q4,0-15|8-11|q4
72264086000,train,52.28,163.49,2.932,8.0,45-60,8-11,q1,45-60|8-11|q1
72313304800,train,53.09,288.68,3.027,8.0,45-60,8-11,q1,45-60|8-11|q1
72474231300,train,6.22,273.53,5.987,6.0,0-15,6-7,q3,0-15|6-7|q3
72566621400,train,28.4,217.93,2.692,6.0,15-30,6-7,q1,15-30|6-7|q1
72586271900,train,42.39,359.4,14.751,9.0,30-45,8-11,q4,30-45|8-11|q4
72614735800,train,37.96,208.36,4.942,7.0,30-45,6-7,q3,30-45|6-7|q3
72690091500,train,57.63,23.48,11.552,12.0,45-60,12+,q4,45-60|12+|q4
72744782100,test,56.34,110.25,4.634,12.0,45-60,12+,q2,45-60|12+|q2
72747101200,train,29.29,8.65,3.411,6.0,15-30,6-7,q2,15-30|6-7|q2
72847222401,train,59.63,202.68,2.833,11.0,45-60,8-11,q1,45-60|8-11|q1
72872194500,test,46.95,231.72,5.443,7.0,45-60,6-7,q3,45-60|6-7|q3
72888019100,train,20.88,273.02,7.222,8.0,15-30,8-11,q3,15-30|8-11|q3
72894846200,train,34.33,227.98,2.827,6.0,30-45,6-7,q1,30-45|6-7|q1
72904300800,train,19.92,290.32,6.4,6.0,15-30,6-7,q3,15-30|6-7|q3
72927478600,train,10.51,336.18,20.667,8.0,0-15,8-11,q4,0-15|8-11|q4
73003687800,validation,51.4,86.89,4.852,7.0,45-60,6-7,q3,45-60|6-7|q3
73018103900,train,12.08,3.16,3.935,7.0,0-15,6-7,q2,0-15|6-7|q2
73105305300,train,31.12,173.55,7.435,8.0,30-45,8-11,q3,30-45|8-11|q3
73155456800,train,24.89,250.37,3.144,6.0,15-30,6-7,q1,15-30|6-7|q1
73276248500,train,47.62,284.1,18.012,11.0,45-60,8-11,q4,45-60|8-11|q4
73434621400,train,28.34,214.74,4.147,6.0,15-30,6-7,q2,15-30|6-7|q2
73475689300,test,39.02,185.58,15.095,11.0,30-45,8-11,q4,30-45|8-11|q4
73538162500,train,10.04,283.54,8.128,7.0,0-15,6-7,q4,0-15|6-7|q4
80036200200,train,39.08,216.9,4.036,8.0,30-45,8-11,q2,30-45|8-11|q2
80056524500,test,36.81,145.43,3.643,6.0,30-45,6-7,q2,30-45|6-7|q2
80097910100,train,30.78,300.36,3.465,8.0,30-45,8-11,q2,30-45|8-11|q2
80156610600,test,59.0,4.32,4.476,10.0,45-60,8-11,q2,45-60|8-11|q2
80202983200,train,44.55,129.16,9.623,8.0,30-45,8-11,q4,30-45|8-11|q4
80204922500,train,15.32,149.26,7.193,6.0,15-30,6-7,q3,15-30|6-7|q3
80366196400,train,56.39,96.23,4.21,9.0,45-60,8-11,q2,45-60|8-11|q2
80432962300,train,59.68,84.71,3.594,8.0,45-60,8-11,q2,45-60|8-11|q2
80523660200,train,31.79,29.95,56.763,14.0,30-45,12+,q4,30-45|12+|q4
80591712100,train,12.44,16.37,4.479,6.0,0-15,6-7,q2,0-15|6-7|q2
80652607100,train,23.07,39.88,3.24,6.0,15-30,6-7,q1,15-30|6-7|q1
80765091800,train,52.72,74.47,3.023,7.0,45-60,6-7,q1,45-60|6-7|q1
80765351800,train,47.7,155.52,9.381,7.0,45-60,6-7,q4,45-60|6-7|q4
80782113000,train,35.73,71.27,2.777,6.0,30-45,6-7,q1,30-45|6-7|q1
80813725800,train,46.39,87.12,3.23,8.0,45-60,8-11,q1,45-60|8-11|q1
80902811700,train,26.32,188.02,9.61,8.0,15-30,8-11,q4,15-30|8-11|q4
80920804900,train,38.05,352.59,3.023,6.0,30-45,6-7,q1,30-45|6-7|q1
80932045700,train,35.59,320.5,3.703,6.0,30-45,6-7,q2,30-45|6-7|q2
80961439900,train,18.62,249.25,3.034,6.0,15-30,6-7,q1,15-30|6-7|q1
81080590400,train,58.81,142.25,7.123,12.0,45-60,12+,q3,45-60|12+|q3
81087227700,train,51.69,337.01,10.234,11.0,45-60,8-11,q4,45-60|8-11|q4
81105698500,train,47.04,112.0,6.819,8.0,45-60,8-11,q3,45-60|8-11|q3
81113697000,test,57.83,266.6,3.67,7.0,45-60,6-7,q2,45-60|6-7|q2
81156902900,train,38.02,154.38,4.167,8.0,30-45,8-11,q2,30-45|8-11|q2
81168167200,train,58.57,68.98,7.537,12.0,45-60,12+,q3,45-60|12+|q3
81253127900,train,16.05,44.08,14.25,7.0,15-30,6-7,q4,15-30|6-7|q4
81585082300,train,59.56,128.27,6.231,12.0,45-60,12+,q3,45-60|12+|q3
81585129701,train,14.61,317.45,7.374,6.0,0-15,6-7,q3,0-15|6-7|q3
81607569200,train,59.53,264.07,6.627,12.0,45-60,12+,q3,45-60|12+|q3
81610098500,test,43.02,356.42,4.619,8.0,30-45,8-11,q2,30-45|8-11|q2
81781729600,train,18.35,1.49,13.968,8.0,15-30,8-11,q4,15-30|8-11|q4
81797945200,train,44.28,346.13,3.603,6.0,30-45,6-7,q2,30-45|6-7|q2
81881294400,train,19.4,193.55,11.303,7.0,15-30,6-7,q4,15-30|6-7|q4
81906422300,train,43.29,247.88,5.213,8.0,30-45,8-11,q3,30-45|8-11|q3
81906824000,train,54.55,6.99,3.452,6.0,45-60,6-7,q2,45-60|6-7|q2
81914122100,test,12.08,104.39,4.325,6.0,0-15,6-7,q2,0-15|6-7|q2
82070665200,train,46.37,240.93,5.897,7.0,45-60,6-7,q3,45-60|6-7|q3
82113137900,test,43.65,355.48,3.825,8.0,30-45,8-11,q2,30-45|8-11|q2
82116035000,test,18.96,323.44,3.659,6.0,15-30,6-7,q2,15-30|6-7|q2
82145073600,train,43.47,261.01,2.506,6.0,30-45,6-7,q1,30-45|6-7|q1
82223486100,test,17.04,214.25,7.164,7.0,15-30,6-7,q3,15-30|6-7|q3
82250891800,train,59.32,237.33,2.798,8.0,45-60,8-11,q1,45-60|8-11|q1
82298042900,train,5.65,194.43,3.911,6.0,0-15,6-7,q2,0-15|6-7|q2
82350218700,train,46.65,29.46,8.24,8.0,45-60,8-11,q4,45-60|8-11|q4
82434507700,test,29.62,88.53,15.178,9.0,15-30,8-11,q4,15-30|8-11|q4
82483821600,train,34.13,25.22,46.018,14.0,30-45,12+,q4,30-45|12+|q4
82531268300,validation,47.53,220.88,4.128,7.0,45-60,6-7,q2,45-60|6-7|q2
82544965600,train,32.71,197.8,5.768,8.0,30-45,8-11,q3,30-45|8-11|q3
82593053700,test,40.82,297.33,25.271,13.0,30-45,12+,q4,30-45|12+|q4
82603575000,train,33.44,300.93,8.324,7.0,30-45,6-7,q4,30-45|6-7|q4
82726270900,train,32.13,229.12,9.172,7.0,30-45,6-7,q4,30-45|6-7|q4
82817393100,train,4.64,350.54,6.13,6.0,0-15,6-7,q3,0-15|6-7|q3
82851346600,train,52.4,260.43,9.964,6.0,45-60,6-7,q4,45-60|6-7|q4
82887630800,test,10.08,40.42,20.52,9.0,0-15,8-11,q4,0-15|8-11|q4
82896552700,train,21.35,238.49,4.237,7.0,15-30,6-7,q2,15-30|6-7|q2
82934640601,train,59.08,21.07,2.963,9.0,45-60,8-11,q1,45-60|8-11|q1
82948264200,test,9.02,125.93,3.292,6.0,0-15,6-7,q1,0-15|6-7|q1
82977021300,train,52.25,70.25,12.646,12.0,45-60,12+,q4,45-60|12+|q4
82980913601,train,6.63,70.26,6.664,6.0,0-15,6-7,q3,0-15|6-7|q3
82982832400,train,25.68,332.85,5.373,6.0,15-30,6-7,q3,15-30|6-7|q3
82996606700,test,14.97,171.27,5.67,6.0,0-15,6-7,q3,0-15|6-7|q3
83044044700,validation,47.37,225.25,8.944,9.0,45-60,8-11,q4,45-60|8-11|q4
83046518001,train,3.01,190.78,4.234,6.0,0-15,6-7,q2,0-15|6-7|q2
83050953800,test,37.87,178.58,8.609,8.0,30-45,8-11,q4,30-45|8-11|q4
83066242900,validation,53.14,319.16,2.773,6.0,45-60,6-7,q1,45-60|6-7|q1
83102301800,train,55.48,86.69,3.324,9.0,45-60,8-11,q1,45-60|8-11|q1
83225633600,train,28.34,251.66,62.939,11.0,15-30,8-11,q4,15-30|8-11|q4
83230334500,train,6.68,138.85,12.628,6.0,0-15,6-7,q4,0-15|6-7|q4
83243830400,validation,46.69,243.13,27.343,11.0,45-60,8-11,q4,45-60|8-11|q4
83275896400,train,18.3,126.99,4.042,7.0,15-30,6-7,q2,15-30|6-7|q2
83281913100,train,53.82,209.69,3.487,7.0,45-60,6-7,q2,45-60|6-7|q2
83334987700,train,17.27,235.51,9.753,6.0,15-30,6-7,q4,15-30|6-7|q4
83391562800,train,34.77,295.67,8.228,7.0,30-45,6-7,q4,30-45|6-7|q4
83444303700,train,55.52,234.61,3.305,8.0,45-60,8-11,q1,45-60|8-11|q1
83446768700,train,42.63,230.21,4.902,7.0,30-45,6-7,q3,30-45|6-7|q3
83476356100,train,48.55,160.01,7.851,8.0,45-60,8-11,q4,45-60|8-11|q4
83551706700,train,57.17,215.03,4.268,12.0,45-60,12+,q2,45-60|12+|q2
83636666500,train,20.48,127.85,7.262,7.0,15-30,6-7,q3,15-30|6-7|q3
90035977000,train,31.24,126.09,4.668,6.0,30-45,6-7,q2,30-45|6-7|q2
90040006600,validation,44.9,55.46,18.764,14.0,30-45,12+,q4,30-45|12+|q4
90083036400,train,39.79,227.57,8.084,7.0,30-45,6-7,q4,30-45|6-7|q4
90087857600,train,31.98,316.77,4.604,6.0,30-45,6-7,q2,30-45|6-7|q2
90177014800,train,58.97,163.05,7.735,10.0,45-60,8-11,q4,45-60|8-11|q4
90185885500,train,48.73,119.9,7.249,12.0,45-60,12+,q3,45-60|12+|q3
90423762500,train,40.96,198.13,2.984,8.0,30-45,8-11,q1,30-45|8-11|q1
90427092800,train,8.92,9.62,3.8,6.0,0-15,6-7,q2,0-15|6-7|q2
90465379300,train,29.72,22.56,21.399,12.0,15-30,12+,q4,15-30|12+|q4
90588444800,test,28.65,197.11,4.243,8.0,15-30,8-11,q2,15-30|8-11|q2
90593746000,validation,43.06,149.67,4.089,6.0,30-45,6-7,q2,30-45|6-7|q2
90631162100,train,43.05,316.71,3.853,8.0,30-45,8-11,q2,30-45|8-11|q2
90776334300,train,18.78,270.75,10.037,7.0,15-30,6-7,q4,15-30|6-7|q4
90825715900,train,11.58,224.64,5.032,6.0,0-15,6-7,q3,0-15|6-7|q3
90847972900,validation,51.2,304.02,9.075,7.0,45-60,6-7,q4,45-60|6-7|q4
90866558800,train,38.1,329.69,2.686,6.0,30-45,6-7,q1,30-45|6-7|q1
90873923800,validation,20.66,196.22,15.035,7.0,15-30,6-7,q4,15-30|6-7|q4
90903305500,validation,14.92,6.32,5.226,7.0,0-15,6-7,q3,0-15|6-7|q3
90970606700,train,15.74,175.15,7.154,7.0,15-30,6-7,q3,15-30|6-7|q3
90977149700,test,54.0,204.57,2.715,7.0,45-60,6-7,q1,45-60|6-7|q1
91004211500,train,51.49,285.88,7.801,6.0,45-60,6-7,q4,45-60|6-7|q4
91061807100,validation,26.77,21.54,6.422,7.0,15-30,6-7,q3,15-30|6-7|q3
91722424100,train,42.96,68.67,4.358,8.0,30-45,8-11,q2,30-45|8-11|q2
91804968500,train,51.65,206.94,2.503,7.0,45-60,6-7,q1,45-60|6-7|q1
91826634400,train,55.73,318.12,6.041,12.0,45-60,12+,q3,45-60|12+|q3
91920579600,train,47.51,112.51,3.811,6.0,45-60,6-7,q2,45-60|6-7|q2
91924170700,train,13.38,304.51,3.788,6.0,0-15,6-7,q2,0-15|6-7|q2
91951444900,train,32.77,222.57,23.922,10.0,30-45,8-11,q4,30-45|8-11|q4
91983692400,train,56.54,265.39,2.905,6.0,45-60,6-7,q1,45-60|6-7|q1
92041380801,validation,33.57,316.05,16.163,9.0,30-45,8-11,q4,30-45|8-11|q4
92097408200,validation,14.29,258.86,7.485,6.0,0-15,6-7,q3,0-15|6-7|q3
92136709700,train,8.31,242.67,35.533,11.0,0-15,8-11,q4,0-15|8-11|q4
92152268600,train,18.06,195.56,3.225,6.0,15-30,6-7,q1,15-30|6-7|q1
92181521100,train,58.18,133.53,3.936,8.0,45-60,8-11,q2,45-60|8-11|q2
92303909900,train,20.17,6.72,3.859,6.0,15-30,6-7,q2,15-30|6-7|q2
92408341600,train,39.41,110.61,6.362,6.0,30-45,6-7,q3,30-45|6-7|q3
92513906300,test,44.92,236.92,4.462,8.0,30-45,8-11,q2,30-45|8-11|q2
92531104800,train,18.6,168.52,5.146,6.0,15-30,6-7,q3,15-30|6-7|q3
92557267000,train,38.84,54.45,7.394,9.0,30-45,8-11,q3,30-45|8-11|q3
92582788500,validation,24.22,246.49,42.241,12.0,15-30,12+,q4,15-30|12+|q4
92862504800,train,35.35,38.9,3.386,6.0,30-45,6-7,q2,30-45|6-7|q2
92921323600,validation,43.49,40.9,8.094,9.0,30-45,8-11,q4,30-45|8-11|q4
92925985001,validation,13.69,151.41,7.929,8.0,0-15,8-11,q4,0-15|8-11|q4
93053139000,train,39.29,318.91,4.918,6.0,30-45,6-7,q3,30-45|6-7|q3
93094176500,test,27.64,359.85,2.862,6.0,15-30,6-7,q1,15-30|6-7|q1
93163704500,test,38.9,146.6,10.631,7.0,30-45,6-7,q4,30-45|6-7|q4
93185148900,train,41.76,146.78,6.293,8.0,30-45,8-11,q3,30-45|8-11|q3
93358183500,train,17.63,230.42,4.83,6.0,15-30,6-7,q3,15-30|6-7|q3
93397385000,test,48.23,309.14,7.826,7.0,45-60,6-7,q4,45-60|6-7|q4
93424212300,train,36.33,163.76,7.234,8.0,30-45,8-11,q3,30-45|8-11|q3
93437328900,train,39.48,1.36,41.25,12.0,30-45,12+,q4,30-45|12+|q4
93454336000,train,23.88,218.2,5.383,6.0,15-30,6-7,q3,15-30|6-7|q3
93492881000,train,47.49,119.89,2.876,6.0,45-60,6-7,q1,45-60|6-7|q1
93560333600,train,57.19,58.05,4.582,8.0,45-60,8-11,q2,45-60|8-11|q2
93594709300,train,11.69,129.78,3.91,7.0,0-15,6-7,q2,0-15|6-7|q2
93605051900,train,36.65,301.75,5.26,8.0,30-45,8-11,q3,30-45|8-11|q3
93608329000,train,7.04,248.96,4.266,6.0,0-15,6-7,q2,0-15|6-7|q2
100090321800,train,46.38,52.74,34.468,15.0,45-60,12+,q4,45-60|12+|q4
100152780400,train,23.5,301.98,6.929,7.0,15-30,6-7,q3,15-30|6-7|q3
100196848801,train,39.69,201.95,2.927,6.0,30-45,6-7,q1,30-45|6-7|q1
100236473800,test,55.23,135.22,12.45,12.0,45-60,12+,q4,45-60|12+|q4
100250956900,train,5.34,349.73,4.532,6.0,0-15,6-7,q2,0-15|6-7|q2
100282331000,validation,13.58,294.01,4.273,6.0,0-15,6-7,q2,0-15|6-7|q2
100481884200,train,50.68,86.41,3.002,7.0,45-60,6-7,q1,45-60|6-7|q1
100534779900,train,40.88,269.02,3.867,6.0,30-45,6-7,q2,30-45|6-7|q2
100650285600,train,16.92,196.06,15.065,7.0,15-30,6-7,q4,15-30|6-7|q4
100657358200,train,59.28,54.09,3.675,7.0,45-60,6-7,q2,45-60|6-7|q2
100748217100,train,59.46,85.52,2.984,8.0,45-60,8-11,q1,45-60|8-11|q1
100783655900,train,47.05,302.75,2.566,7.0,45-60,6-7,q1,45-60|6-7|q1
100830261900,validation,59.81,269.54,3.216,8.0,45-60,8-11,q1,45-60|8-11|q1
100857935600,test,12.72,1.82,3.739,6.0,0-15,6-7,q2,0-15|6-7|q2
100973073300,validation,30.79,267.86,13.916,9.0,30-45,8-11,q4,30-45|8-11|q4
100994646500,train,58.07,252.17,2.51,8.0,45-60,8-11,q1,45-60|8-11|q1
101017367800,train,54.99,278.62,27.44,15.0,45-60,12+,q4,45-60|12+|q4
101081203500,train,37.93,19.44,13.591,8.0,30-45,8-11,q4,30-45|8-11|q4
101083410600,train,54.55,85.94,7.743,6.0,45-60,6-7,q4,45-60|6-7|q4
101217131400,train,35.29,142.15,9.919,6.0,30-45,6-7,q4,30-45|6-7|q4
101242555500,validation,46.0,218.36,5.161,7.0,45-60,6-7,q3,45-60|6-7|q3
101246093600,train,44.77,265.93,5.076,8.0,30-45,8-11,q3,30-45|8-11|q3
101312529300,train,58.47,73.23,9.951,12.0,45-60,12+,q4,45-60|12+|q4
101322517300,validation,41.98,179.9,6.38,8.0,30-45,8-11,q3,30-45|8-11|q3
101330181900,train,13.4,223.45,8.836,6.0,0-15,6-7,q4,0-15|6-7|q4
101556795900,validation,38.38,347.28,7.179,8.0,30-45,8-11,q3,30-45|8-11|q3
101667371600,train,59.15,199.59,3.568,8.0,45-60,8-11,q2,45-60|8-11|q2
101727318500,validation,12.33,230.38,8.856,6.0,0-15,6-7,q4,0-15|6-7|q4
101736280200,train,14.28,186.68,8.038,6.0,0-15,6-7,q4,0-15|6-7|q4
101774387100,train,13.29,240.72,4.24,6.0,0-15,6-7,q2,0-15|6-7|q2
101788377700,train,15.63,197.46,7.414,6.0,15-30,6-7,q3,15-30|6-7|q3
101902954600,train,37.78,34.44,3.856,6.0,30-45,6-7,q2,30-45|6-7|q2
101907507400,train,35.88,229.4,29.448,12.0,30-45,12+,q4,30-45|12+|q4
101935925600,test,28.62,257.83,8.516,8.0,15-30,8-11,q4,15-30|8-11|q4
102170680300,train,58.46,268.5,18.209,13.0,45-60,12+,q4,45-60|12+|q4
102217813900,test,6.82,108.85,11.965,7.0,0-15,6-7,q4,0-15|6-7|q4
102248092300,train,39.01,163.62,9.414,7.0,30-45,6-7,q4,30-45|6-7|q4
102274028401,train,26.9,107.33,5.746,6.0,15-30,6-7,q3,15-30|6-7|q3
102366166000,train,25.56,282.57,7.439,6.0,15-30,6-7,q3,15-30|6-7|q3
102444187700,train,59.34,51.56,14.198,13.0,45-60,12+,q4,45-60|12+|q4
102478457000,train,15.6,358.45,11.471,6.0,15-30,6-7,q4,15-30|6-7|q4
102490749700,validation,43.02,174.4,2.675,6.0,30-45,6-7,q1,30-45|6-7|q1
102502182200,validation,53.16,280.81,3.686,8.0,45-60,8-11,q2,45-60|8-11|q2
102511179300,train,37.72,52.72,21.873,9.0,30-45,8-11,q4,30-45|8-11|q4
102534865300,train,56.39,156.28,3.979,7.0,45-60,6-7,q2,45-60|6-7|q2
102670275000,train,35.59,251.26,4.395,8.0,30-45,8-11,q2,30-45|8-11|q2
102681828900,train,38.61,185.98,4.726,7.0,30-45,6-7,q3,30-45|6-7|q3
102717759300,test,50.07,353.72,5.991,9.0,45-60,8-11,q3,45-60|8-11|q3
102724637500,train,52.67,107.8,6.987,8.0,45-60,8-11,q3,45-60|8-11|q3
102742214700,validation,43.75,209.76,7.504,9.0,30-45,8-11,q3,30-45|8-11|q3
102747039500,validation,41.88,94.45,3.018,6.0,30-45,6-7,q1,30-45|6-7|q1
102815924300,validation,33.3,315.5,20.187,8.0,30-45,8-11,q4,30-45|8-11|q4
102844945800,train,58.87,280.09,3.068,9.0,45-60,8-11,q1,45-60|8-11|q1
102916246800,train,31.41,331.36,5.482,6.0,30-45,6-7,q3,30-45|6-7|q3
102973359900,train,10.48,88.25,6.459,7.0,0-15,6-7,q3,0-15|6-7|q3
102984656900,train,6.15,333.52,5.158,6.0,0-15,6-7,q3,0-15|6-7|q3
102992034200,train,40.41,220.67,41.438,14.0,30-45,12+,q4,30-45|12+|q4
103050916700,test,46.85,54.21,10.164,8.0,45-60,8-11,q4,45-60|8-11|q4
103063717100,test,38.39,29.07,35.043,13.0,30-45,12+,q4,30-45|12+|q4
103067556200,train,55.31,303.58,4.186,9.0,45-60,8-11,q2,45-60|8-11|q2
103075687000,test,42.73,312.47,13.624,9.0,30-45,8-11,q4,30-45|8-11|q4
103120065800,train,26.86,79.29,14.103,8.0,15-30,8-11,q4,15-30|8-11|q4
103252470701,train,36.14,138.45,2.721,6.0,30-45,6-7,q1,30-45|6-7|q1
103293978700,train,41.96,291.15,4.078,8.0,30-45,8-11,q2,30-45|8-11|q2
103440817100,train,47.71,189.82,5.158,8.0,45-60,8-11,q3,45-60|8-11|q3
103443732800,train,23.56,199.79,7.553,7.0,15-30,6-7,q3,15-30|6-7|q3
103446217100,validation,4.64,262.43,2.524,6.0,0-15,6-7,q1,0-15|6-7|q1
103534886901,test,39.33,355.82,30.43,12.0,30-45,12+,q4,30-45|12+|q4
103545570600,train,53.8,105.84,8.604,12.0,45-60,12+,q4,45-60|12+|q4
103648222300,train,22.41,177.06,69.14,14.0,15-30,12+,q4,15-30|12+|q4
110026242300,validation,46.5,192.69,7.67,7.0,45-60,6-7,q4,45-60|6-7|q4
110044130000,validation,59.28,232.26,4.734,11.0,45-60,8-11,q3,45-60|8-11|q3
110151990400,train,10.61,276.74,5.839,6.0,0-15,6-7,q3,0-15|6-7|q3
110160364800,test,57.09,8.2,4.818,8.0,45-60,8-11,q3,45-60|8-11|q3
110178244300,train,18.9,66.16,5.453,7.0,15-30,6-7,q3,15-30|6-7|q3
110220049700,train,37.62,108.98,4.944,6.0,30-45,6-7,q3,30-45|6-7|q3
110266561800,validation,25.03,91.01,104.599,14.0,15-30,12+,q4,15-30|12+|q4
110267725200,test,27.57,316.79,9.264,8.0,15-30,8-11,q4,15-30|8-11|q4
110321999300,train,27.71,192.35,3.324,6.0,15-30,6-7,q1,15-30|6-7|q1
110324774200,train,51.3,209.44,2.588,8.0,45-60,8-11,q1,45-60|8-11|q1
110327827600,test,47.89,82.68,9.723,7.0,45-60,6-7,q4,45-60|6-7|q4
110353885700,test,36.04,98.02,24.525,11.0,30-45,8-11,q4,30-45|8-11|q4
110367723600,train,46.3,359.8,8.3,7.0,45-60,6-7,q4,45-60|6-7|q4
110417366300,train,7.11,163.59,3.587,6.0,0-15,6-7,q2,0-15|6-7|q2
110435757700,train,31.14,85.61,6.652,9.0,30-45,8-11,q3,30-45|8-11|q3
110524762200,validation,28.12,326.25,3.271,6.0,15-30,6-7,q1,15-30|6-7|q1
110556905300,test,47.4,57.73,4.423,6.0,45-60,6-7,q2,45-60|6-7|q2
110685473200,train,57.96,30.49,6.179,12.0,45-60,12+,q3,45-60|12+|q3
110772615301,train,11.42,15.83,4.089,7.0,0-15,6-7,q2,0-15|6-7|q2
110773742900,test,31.09,192.65,3.373,6.0,30-45,6-7,q2,30-45|6-7|q2
110791856400,train,26.96,201.8,19.428,8.0,15-30,8-11,q4,15-30|8-11|q4
110868390800,train,20.99,153.38,5.329,6.0,15-30,6-7,q3,15-30|6-7|q3
110873827400,train,28.07,222.05,5.796,7.0,15-30,6-7,q3,15-30|6-7|q3
110906057700,train,57.49,275.81,4.886,9.0,45-60,8-11,q3,45-60|8-11|q3
110942267400,train,52.5,241.51,3.299,7.0,45-60,6-7,q1,45-60|6-7|q1
111025321500,train,50.54,107.63,8.193,7.0,45-60,6-7,q4,45-60|6-7|q4
111026000400,train,57.87,319.97,7.352,14.0,45-60,12+,q3,45-60|12+|q3
111064203000,train,57.35,88.15,5.229,8.0,45-60,8-11,q3,45-60|8-11|q3
111130318501,train,55.27,133.3,9.101,7.0,45-60,6-7,q4,45-60|6-7|q4
111242733200,train,23.87,96.17,3.466,6.0,15-30,6-7,q2,15-30|6-7|q2
111290825000,train,21.1,165.53,3.774,6.0,15-30,6-7,q2,15-30|6-7|q2
111443783800,train,13.7,193.01,5.6,6.0,0-15,6-7,q3,0-15|6-7|q3
111467658300,train,33.62,25.83,6.331,8.0,30-45,8-11,q3,30-45|8-11|q3
111557590200,train,45.35,47.33,10.515,7.0,45-60,6-7,q4,45-60|6-7|q4
111567408100,validation,57.68,148.0,3.212,8.0,45-60,8-11,q1,45-60|8-11|q1
111576018800,train,42.77,229.59,3.673,6.0,30-45,6-7,q2,30-45|6-7|q2
111592051800,validation,59.37,110.22,3.746,8.0,45-60,8-11,q2,45-60|8-11|q2
111632350000,train,42.22,290.28,5.719,8.0,30-45,8-11,q3,30-45|8-11|q3
111665982100,train,12.6,226.7,11.584,6.0,0-15,6-7,q4,0-15|6-7|q4
111714192600,train,41.46,344.94,3.053,8.0,30-45,8-11,q1,30-45|8-11|q1
111844500200,train,47.51,149.94,3.345,7.0,45-60,6-7,q2,45-60|6-7|q2
111861706900,train,42.73,54.97,4.72,7.0,30-45,6-7,q3,30-45|6-7|q3
111880914900,validation,49.25,8.17,5.196,8.0,45-60,8-11,q3,45-60|8-11|q3
111883060100,train,8.22,338.87,28.723,10.0,0-15,8-11,q4,0-15|8-11|q4
111895258301,test,50.78,317.98,4.343,8.0,45-60,8-11,q2,45-60|8-11|q2
111903228600,train,45.41,94.53,29.567,12.0,45-60,12+,q4,45-60|12+|q4
111905464200,train,49.85,3.69,6.167,7.0,45-60,6-7,q3,45-60|6-7|q3
111937451000,train,16.35,94.16,4.849,6.0,15-30,6-7,q3,15-30|6-7|q3
112047784000,train,58.96,25.09,3.309,13.0,45-60,12+,q1,45-60|12+|q1
112105227700,validation,14.83,197.01,14.381,8.0,0-15,8-11,q4,0-15|8-11|q4
112194681300,train,28.84,253.44,4.682,6.0,15-30,6-7,q2,15-30|6-7|q2
112312197000,train,47.57,50.9,18.086,11.0,45-60,8-11,q4,45-60|8-11|q4
112374788500,train,50.43,278.76,4.742,7.0,45-60,6-7,q3,45-60|6-7|q3
112413974700,test,54.82,272.75,2.539,6.0,45-60,6-7,q1,45-60|6-7|q1
112456403401,train,5.35,142.25,4.346,6.0,0-15,6-7,q2,0-15|6-7|q2
112470387400,train,49.51,171.52,13.163,10.0,45-60,8-11,q4,45-60|8-11|q4
112504634300,validation,34.6,128.95,4.355,6.0,30-45,6-7,q2,30-45|6-7|q2
112596746600,train,40.11,37.36,4.495,8.0,30-45,8-11,q2,30-45|8-11|q2
112694401000,test,52.86,18.96,5.273,7.0,45-60,6-7,q3,45-60|6-7|q3
112730320100,train,43.44,172.98,5.652,7.0,30-45,6-7,q3,30-45|6-7|q3
112752607700,test,0.41,96.18,18.612,7.0,0-15,6-7,q4,0-15|6-7|q4
112776322001,train,39.74,226.16,5.1,6.0,30-45,6-7,q3,30-45|6-7|q3
112845798100,train,54.56,331.79,3.234,9.0,45-60,8-11,q1,45-60|8-11|q1
112875370700,train,12.19,222.85,3.734,6.0,0-15,6-7,q2,0-15|6-7|q2
112902072500,train,8.87,252.33,4.366,6.0,0-15,6-7,q2,0-15|6-7|q2
112954615400,train,24.17,106.8,5.582,8.0,15-30,8-11,q3,15-30|8-11|q3
113064517900,train,39.95,225.02,4.737,6.0,30-45,6-7,q3,30-45|6-7|q3
113088038000,train,36.28,173.49,6.618,6.0,30-45,6-7,q3,30-45|6-7|q3
113108577300,validation,15.03,259.8,10.034,7.0,15-30,6-7,q4,15-30|6-7|q4
113180414200,validation,36.94,151.3,52.668,14.0,30-45,12+,q4,30-45|12+|q4
113195350200,train,42.87,34.0,3.019,8.0,30-45,8-11,q1,30-45|8-11|q1
113223440500,train,21.21,203.6,7.013,6.0,15-30,6-7,q3,15-30|6-7|q3
113260307100,test,19.78,44.16,4.001,6.0,15-30,6-7,q2,15-30|6-7|q2
113346488700,train,47.5,65.16,8.582,10.0,45-60,8-11,q4,45-60|8-11|q4
113384454600,test,38.29,15.57,6.027,8.0,30-45,8-11,q3,30-45|8-11|q3
113434887000,train,41.58,253.61,4.934,7.0,30-45,6-7,q3,30-45|6-7|q3
113436782600,validation,30.96,0.79,24.123,12.0,30-45,12+,q4,30-45|12+|q4
113510919400,train,26.8,49.06,15.431,8.0,15-30,8-11,q4,15-30|8-11|q4
113601327900,train,36.22,348.07,70.529,15.0,30-45,12+,q4,30-45|12+|q4
120095672300,train,16.29,170.4,7.888,7.0,15-30,6-7,q4,15-30|6-7|q4
120136965701,train,47.61,122.45,5.335,7.0,45-60,6-7,q3,45-60|6-7|q3
120188558100,validation,29.69,275.08,4.406,7.0,15-30,6-7,q2,15-30|6-7|q2
120277800900,test,46.69,338.89,9.043,6.0,45-60,6-7,q4,45-60|6-7|q4
120356283400,train,58.16,348.33,6.651,9.0,45-60,8-11,q3,45-60|8-11|q3
120363996400,train,32.49,203.74,27.911,13.0,30-45,12+,q4,30-45|12+|q4
120376893300,train,34.73,28.92,4.354,7.0,30-45,6-7,q2,30-45|6-7|q2
120500592800,validation,58.99,277.14,2.706,7.0,45-60,6-7,q1,45-60|6-7|q1
120501267300,train,14.75,283.43,9.6,9.0,0-15,8-11,q4,0-15|8-11|q4
120513448700,validation,51.68,146.42,12.417,10.0,45-60,8-11,q4,45-60|8-11|q4
120514963200,test,34.73,98.25,10.722,7.0,30-45,6-7,q4,30-45|6-7|q4
120520048100,train,38.58,258.09,7.475,7.0,30-45,6-7,q3,30-45|6-7|q3
120553131300,train,57.44,262.92,5.4,8.0,45-60,8-11,q3,45-60|8-11|q3
120641783300,train,32.51,73.58,28.619,11.0,30-45,8-11,q4,30-45|8-11|q4
120664103000,test,27.36,52.18,18.093,8.0,15-30,8-11,q4,15-30|8-11|q4
120665400000,validation,58.6,17.97,4.919,12.0,45-60,12+,q3,45-60|12+|q3
120693023801,train,23.53,339.16,2.91,6.0,15-30,6-7,q1,15-30|6-7|q1
120755275300,train,27.6,221.46,7.327,8.0,15-30,8-11,q3,15-30|8-11|q3
120756910300,train,41.57,148.36,2.968,7.0,30-45,6-7,q1,30-45|6-7|q1
120756954900,train,35.25,69.78,6.818,8.0,30-45,8-11,q3,30-45|8-11|q3
120797883000,train,10.47,244.84,12.37,7.0,0-15,6-7,q4,0-15|6-7|q4
120855741800,train,59.72,138.17,6.632,12.0,45-60,12+,q3,45-60|12+|q3
120903101000,train,57.69,337.84,3.622,7.0,45-60,6-7,q2,45-60|6-7|q2
120960336101,train,35.0,211.23,7.737,6.0,30-45,6-7,q4,30-45|6-7|q4
121055284700,test,33.32,66.17,6.735,7.0,30-45,6-7,q3,30-45|6-7|q3
121060859300,validation,41.98,111.66,7.118,10.0,30-45,8-11,q3,30-45|8-11|q3
121098349200,test,41.75,188.47,19.309,12.0,30-45,12+,q4,30-45|12+|q4
121102737700,train,52.53,125.53,4.511,6.0,45-60,6-7,q2,45-60|6-7|q2
121113902400,train,45.69,253.71,3.991,6.0,45-60,6-7,q2,45-60|6-7|q2
121152916000,train,53.01,313.36,14.988,11.0,45-60,8-11,q4,45-60|8-11|q4
121237561500,train,51.99,82.13,8.364,7.0,45-60,6-7,q4,45-60|6-7|q4
121245847602,validation,35.38,327.17,8.339,6.0,30-45,6-7,q4,30-45|6-7|q4
121258299901,train,44.62,131.72,23.902,14.0,30-45,12+,q4,30-45|12+|q4
121264387901,test,8.7,51.71,8.593,6.0,0-15,6-7,q4,0-15|6-7|q4
121264778700,train,33.22,258.94,11.573,8.0,30-45,8-11,q4,30-45|8-11|q4
121305235300,train,13.37,49.08,5.872,6.0,0-15,6-7,q3,0-15|6-7|q3
121353511700,test,12.34,36.73,2.889,6.0,0-15,6-7,q1,0-15|6-7|q1
121370059801,train,54.92,335.05,4.66,6.0,45-60,6-7,q2,45-60|6-7|q2
121415996000,train,34.92,349.42,5.311,6.0,30-45,6-7,q3,30-45|6-7|q3
121446409200,train,28.47,294.51,3.111,7.0,15-30,6-7,q1,15-30|6-7|q1
121467232400,train,39.82,295.66,3.013,8.0,30-45,8-11,q1,30-45|8-11|q1
121496973501,train,18.22,34.07,8.999,6.0,15-30,6-7,q4,15-30|6-7|q4
121575631100,test,43.0,256.44,4.284,8.0,30-45,8-11,q2,30-45|8-11|q2
121582526301,train,14.92,249.84,3.121,6.0,0-15,6-7,q1,0-15|6-7|q1
121698631600,train,38.57,49.39,4.524,6.0,30-45,6-7,q2,30-45|6-7|q2
121788145900,train,43.03,282.14,2.54,6.0,30-45,6-7,q1,30-45|6-7|q1
121826859600,train,51.47,330.9,2.81,6.0,45-60,6-7,q1,45-60|6-7|q1
121827182200,train,28.54,327.45,2.73,6.0,15-30,6-7,q1,15-30|6-7|q1
121856023700,train,35.53,331.15,3.825,6.0,30-45,6-7,q2,30-45|6-7|q2
121911218000,validation,26.16,179.45,8.568,6.0,15-30,6-7,q4,15-30|6-7|q4
121928047700,train,41.07,346.02,2.74,6.0,30-45,6-7,q1,30-45|6-7|q1
122071082301,train,57.67,335.13,3.744,10.0,45-60,8-11,q2,45-60|8-11|q2
122112482600,train,50.0,70.53,65.72,19.0,45-60,12+,q4,45-60|12+|q4
122147111900,train,28.37,208.39,3.879,6.0,15-30,6-7,q2,15-30|6-7|q2
122295923300,train,9.75,33.05,20.876,9.0,0-15,8-11,q4,0-15|8-11|q4
122302358900,train,57.99,263.48,7.274,8.0,45-60,8-11,q3,45-60|8-11|q3
122384737800,train,14.03,121.14,40.5,10.0,0-15,8-11,q4,0-15|8-11|q4
122485384200,train,48.96,226.34,6.125,8.0,45-60,8-11,q3,45-60|8-11|q3
122506443600,train,39.62,326.17,15.959,9.0,30-45,8-11,q4,30-45|8-11|q4
122610484200,train,39.26,10.03,5.717,7.0,30-45,6-7,q3,30-45|6-7|q3
122667692100,validation,40.76,194.24,6.257,9.0,30-45,8-11,q3,30-45|8-11|q3
122691642800,test,37.87,227.14,3.982,7.0,30-45,6-7,q2,30-45|6-7|q2
122725781900,train,47.62,131.47,8.079,9.0,45-60,8-11,q4,45-60|8-11|q4
122737664800,validation,40.47,290.12,8.633,6.0,30-45,6-7,q4,30-45|6-7|q4
122768236600,train,48.03,242.97,9.972,9.0,45-60,8-11,q4,45-60|8-11|q4
122804790300,validation,46.89,341.96,7.656,7.0,45-60,6-7,q4,45-60|6-7|q4
122871463100,train,45.77,34.05,7.769,7.0,45-60,6-7,q4,45-60|6-7|q4
122875358300,test,16.41,246.77,36.972,12.0,15-30,12+,q4,15-30|12+|q4
122963949100,train,38.46,149.82,4.585,8.0,30-45,8-11,q2,30-45|8-11|q2
122981207800,test,23.75,211.04,44.872,12.0,15-30,12+,q4,15-30|12+|q4
122984045000,validation,31.63,30.29,4.897,7.0,30-45,6-7,q3,30-45|6-7|q3
123000149000,test,47.35,346.43,9.542,8.0,45-60,8-11,q4,45-60|8-11|q4
123062275300,test,29.28,136.6,17.467,8.0,15-30,8-11,q4,15-30|8-11|q4
123110843700,train,12.63,302.12,3.994,6.0,0-15,6-7,q2,0-15|6-7|q2
123143758300,train,39.56,141.37,4.1,9.0,30-45,8-11,q2,30-45|8-11|q2
123170697200,train,26.42,92.29,5.73,7.0,15-30,6-7,q3,15-30|6-7|q3
123172127700,train,46.97,223.18,4.825,7.0,45-60,6-7,q3,45-60|6-7|q3
123175038301,train,42.29,150.71,4.472,6.0,30-45,6-7,q2,30-45|6-7|q2
123177923200,train,9.41,247.74,16.98,8.0,0-15,8-11,q4,0-15|8-11|q4
123194600701,train,42.42,314.44,25.335,13.0,30-45,12+,q4,30-45|12+|q4
123260592800,test,35.71,259.97,4.059,8.0,30-45,8-11,q2,30-45|8-11|q2
123272536400,train,57.38,160.72,7.532,13.0,45-60,12+,q3,45-60|12+|q3
123274772200,train,44.84,141.98,16.035,12.0,30-45,12+,q4,30-45|12+|q4
123297093800,train,12.97,62.54,6.533,6.0,0-15,6-7,q3,0-15|6-7|q3
123355641900,train,49.02,84.51,3.11,8.0,45-60,8-11,q1,45-60|8-11|q1
123364291900,validation,53.37,121.8,4.997,8.0,45-60,8-11,q3,45-60|8-11|q3
123395312300,train,28.27,350.79,7.506,8.0,15-30,8-11,q3,15-30|8-11|q3
123447307300,validation,58.23,296.98,5.547,7.0,45-60,6-7,q3,45-60|6-7|q3
123640304000,train,57.65,201.4,3.367,6.0,45-60,6-7,q2,45-60|6-7|q2
123644302500,train,19.93,22.81,2.745,6.0,15-30,6-7,q1,15-30|6-7|q1
123666408500,train,10.91,6.43,23.148,9.0,0-15,8-11,q4,0-15|8-11|q4
130021630600,train,59.36,73.6,4.174,6.0,45-60,6-7,q2,45-60|6-7|q2
130022505500,validation,15.8,345.64,13.734,6.0,15-30,6-7,q4,15-30|6-7|q4
130030625500,train,48.54,15.34,3.504,8.0,45-60,8-11,q2,45-60|8-11|q2
130141539400,train,41.91,233.63,4.369,6.0,30-45,6-7,q2,30-45|6-7|q2
130162882600,train,55.55,125.07,5.986,9.0,45-60,8-11,q3,45-60|8-11|q3
130206746600,train,13.96,31.92,10.238,8.0,0-15,8-11,q4,0-15|8-11|q4
130207988600,train,8.18,158.76,29.218,8.0,0-15,8-11,q4,0-15|8-11|q4
130235100700,train,10.81,134.39,3.302,6.0,0-15,6-7,q1,0-15|6-7|q1
130237366100,train,9.06,117.32,10.332,7.0,0-15,6-7,q4,0-15|6-7|q4
130245021800,test,11.68,258.99,5.737,6.0,0-15,6-7,q3,0-15|6-7|q3
130452517100,test,45.21,170.09,4.79,8.0,45-60,8-11,q3,45-60|8-11|q3
130471746700,train,48.56,258.9,6.521,7.0,45-60,6-7,q3,45-60|6-7|q3
130507395500,train,39.48,321.61,8.446,6.0,30-45,6-7,q4,30-45|6-7|q4
130525294900,validation,20.41,104.81,2.53,6.0,15-30,6-7,q1,15-30|6-7|q1
130656189300,train,42.18,35.83,2.597,6.0,30-45,6-7,q1,30-45|6-7|q1
130716218300,train,41.69,211.01,3.813,6.0,30-45,6-7,q2,30-45|6-7|q2
130731591700,train,56.07,12.2,8.212,14.0,45-60,12+,q4,45-60|12+|q4
130734487500,train,55.59,191.11,3.694,9.0,45-60,8-11,q2,45-60|8-11|q2
130774263200,train,40.31,350.47,4.038,8.0,30-45,8-11,q2,30-45|8-11|q2
130816780000,train,42.57,277.65,6.883,8.0,30-45,8-11,q3,30-45|8-11|q3
130831070600,train,42.19,201.44,16.823,10.0,30-45,8-11,q4,30-45|8-11|q4
130857161100,train,37.41,27.38,10.742,8.0,30-45,8-11,q4,30-45|8-11|q4
130897868500,test,14.75,299.28,10.726,6.0,0-15,6-7,q4,0-15|6-7|q4
130948400400,train,51.54,16.03,2.697,6.0,45-60,6-7,q1,45-60|6-7|q1
130984964401,train,26.89,253.3,2.563,6.0,15-30,6-7,q1,15-30|6-7|q1
130986088800,train,14.99,44.79,4.3,6.0,0-15,6-7,q2,0-15|6-7|q2
131030986200,train,45.75,40.16,4.445,8.0,45-60,8-11,q2,45-60|8-11|q2
131045059300,train,9.61,339.78,19.946,9.0,0-15,8-11,q4,0-15|8-11|q4
131063215500,train,48.64,299.23,2.534,7.0,45-60,6-7,q1,45-60|6-7|q1
131142650900,train,42.83,297.92,12.389,9.0,30-45,8-11,q4,30-45|8-11|q4
131176673100,train,14.85,313.88,4.944,6.0,0-15,6-7,q3,0-15|6-7|q3
131182774400,validation,5.58,237.72,6.955,7.0,0-15,6-7,q3,0-15|6-7|q3
131223204100,validation,59.77,279.67,3.906,7.0,45-60,6-7,q2,45-60|6-7|q2
131270212000,validation,37.63,178.26,15.032,9.0,30-45,8-11,q4,30-45|8-11|q4
131302445900,train,14.54,324.26,3.647,6.0,0-15,6-7,q2,0-15|6-7|q2
131313383200,train,53.29,275.85,47.109,19.0,45-60,12+,q4,45-60|12+|q4
131326154700,train,31.65,137.21,4.511,6.0,30-45,6-7,q2,30-45|6-7|q2
131345567700,train,45.04,201.36,8.875,7.0,45-60,6-7,q4,45-60|6-7|q4
131445111100,train,24.81,205.74,4.28,6.0,15-30,6-7,q2,15-30|6-7|q2
131645492701,train,42.64,330.68,5.002,8.0,30-45,8-11,q3,30-45|8-11|q3
131714181200,train,24.08,269.91,28.926,9.0,15-30,8-11,q4,15-30|8-11|q4
131720272300,train,50.21,285.2,5.869,7.0,45-60,6-7,q3,45-60|6-7|q3
131742849100,train,12.39,79.64,12.408,7.0,0-15,6-7,q4,0-15|6-7|q4
131755066801,train,31.36,27.67,26.501,8.0,30-45,8-11,q4,30-45|8-11|q4
131788327200,test,18.9,152.3,2.754,6.0,15-30,6-7,q1,15-30|6-7|q1
131790072400,train,30.4,357.01,6.414,7.0,30-45,6-7,q3,30-45|6-7|q3
131875122701,validation,53.93,151.27,3.278,8.0,45-60,8-11,q1,45-60|8-11|q1
131934044100,train,57.89,22.02,5.674,12.0,45-60,12+,q3,45-60|12+|q3
131978192900,train,46.07,289.13,8.797,6.0,45-60,6-7,q4,45-60|6-7|q4
131980542900,train,57.43,175.17,6.437,8.0,45-60,8-11,q3,45-60|8-11|q3
131986307201,train,9.13,126.54,3.339,6.0,0-15,6-7,q1,0-15|6-7|q1
131991626800,train,29.1,116.86,2.973,6.0,15-30,6-7,q1,15-30|6-7|q1
132018162200,train,15.53,229.18,9.878,8.0,15-30,8-11,q4,15-30|8-11|q4
132152954700,train,26.28,258.04,2.939,6.0,15-30,6-7,q1,15-30|6-7|q1
132155682200,train,49.64,196.27,3.974,8.0,45-60,8-11,q2,45-60|8-11|q2
132177027400,train,48.11,6.16,9.863,7.0,45-60,6-7,q4,45-60|6-7|q4
132225376900,train,42.75,67.69,2.958,6.0,30-45,6-7,q1,30-45|6-7|q1
132261505500,train,55.2,28.9,4.242,8.0,45-60,8-11,q2,45-60|8-11|q2
132333117801,validation,14.68,56.26,20.973,8.0,0-15,8-11,q4,0-15|8-11|q4
132385393000,train,26.72,79.48,10.277,7.0,15-30,6-7,q4,15-30|6-7|q4
132390961300,train,5.57,81.38,6.352,7.0,0-15,6-7,q3,0-15|6-7|q3
132392046800,train,32.93,2.04,4.12,6.0,30-45,6-7,q2,30-45|6-7|q2
132546504900,train,21.82,53.4,7.565,6.0,15-30,6-7,q3,15-30|6-7|q3
132552866500,train,26.29,70.74,2.717,6.0,15-30,6-7,q1,15-30|6-7|q1
132664574700,test,49.06,274.88,7.421,8.0,45-60,8-11,q3,45-60|8-11|q3
132742544400,test,51.97,84.59,4.413,8.0,45-60,8-11,q2,45-60|8-11|q2
132797446000,train,46.67,33.15,4.076,8.0,45-60,8-11,q2,45-60|8-11|q2
132848002200,train,51.17,122.82,10.75,7.0,45-60,6-7,q4,45-60|6-7|q4
132925163200,validation,18.86,150.13,12.972,7.0,15-30,6-7,q4,15-30|6-7|q4
132927410500,train,40.52,312.92,9.245,7.0,30-45,6-7,q4,30-45|6-7|q4
132978523200,train,45.65,90.78,2.648,6.0,45-60,6-7,q1,45-60|6-7|q1
133035602401,train,12.73,85.41,4.961,7.0,0-15,6-7,q3,0-15|6-7|q3
133052246700,validation,38.28,310.6,11.304,7.0,30-45,6-7,q4,30-45|6-7|q4
133112166000,train,51.84,213.91,12.024,12.0,45-60,12+,q4,45-60|12+|q4
133120658200,train,49.33,147.2,4.619,9.0,45-60,8-11,q2,45-60|8-11|q2
133130111600,train,51.43,293.06,3.013,9.0,45-60,8-11,q1,45-60|8-11|q1
133200477101,train,57.89,213.91,3.969,6.0,45-60,6-7,q2,45-60|6-7|q2
133216808400,validation,53.17,6.64,4.638,6.0,45-60,6-7,q2,45-60|6-7|q2
133224153900,train,49.93,35.16,22.52,13.0,45-60,12+,q4,45-60|12+|q4
133320659200,train,31.34,312.93,62.34,13.0,30-45,12+,q4,30-45|12+|q4
133323550000,train,17.1,174.87,15.995,8.0,15-30,8-11,q4,15-30|8-11|q4
133336794800,test,54.93,102.59,3.1,6.0,45-60,6-7,q1,45-60|6-7|q1
133347416700,train,15.03,154.11,20.479,8.0,15-30,8-11,q4,15-30|8-11|q4
133411612200,train,52.61,78.49,3.089,6.0,45-60,6-7,q1,45-60|6-7|q1
133458469100,train,57.26,41.65,7.175,12.0,45-60,12+,q3,45-60|12+|q3
133502108600,test,43.75,3.29,3.521,8.0,30-45,8-11,q2,30-45|8-11|q2
133503694700,train,11.41,236.73,3.272,6.0,0-15,6-7,q1,0-15|6-7|q1
133550891900,test,48.91,82.63,2.57,6.0,45-60,6-7,q1,45-60|6-7|q1
133556408900,train,21.45,110.3,8.592,7.0,15-30,6-7,q4,15-30|6-7|q4
133565657800,train,25.74,335.8,9.844,7.0,15-30,6-7,q4,15-30|6-7|q4
133632981200,validation,52.46,358.68,12.375,12.0,45-60,12+,q4,45-60|12+|q4
140058195700,train,54.74,62.57,4.446,6.0,45-60,6-7,q2,45-60|6-7|q2
140113666900,train,43.16,186.7,4.097,8.0,30-45,8-11,q2,30-45|8-11|q2
140223815900,train,43.77,52.93,4.086,8.0,30-45,8-11,q2,30-45|8-11|q2
140322001400,train,43.03,29.79,23.77,13.0,30-45,12+,q4,30-45|12+|q4
140415405000,train,6.73,132.81,5.338,6.0,0-15,6-7,q3,0-15|6-7|q3
140415557800,train,10.31,70.09,4.062,7.0,0-15,6-7,q2,0-15|6-7|q2
140522821200,test,52.0,16.28,3.938,6.0,45-60,6-7,q2,45-60|6-7|q2
140578532100,train,49.15,67.26,5.383,7.0,45-60,6-7,q3,45-60|6-7|q3
140613284502,validation,57.88,109.56,4.964,7.0,45-60,6-7,q3,45-60|6-7|q3
140631642000,train,36.71,347.09,6.239,7.0,30-45,6-7,q3,30-45|6-7|q3
140645816600,train,35.33,31.57,6.635,8.0,30-45,8-11,q3,30-45|8-11|q3
140672385901,train,38.53,236.92,4.629,6.0,30-45,6-7,q2,30-45|6-7|q2
140678121200,train,11.81,327.36,8.216,6.0,0-15,6-7,q4,0-15|6-7|q4
140691863700,train,17.95,168.74,11.151,7.0,15-30,6-7,q4,15-30|6-7|q4
140695568200,validation,23.71,331.31,6.738,6.0,15-30,6-7,q3,15-30|6-7|q3
140828234000,train,14.06,112.03,2.699,6.0,0-15,6-7,q1,0-15|6-7|q1
140836217700,train,58.16,231.42,2.684,10.0,45-60,8-11,q1,45-60|8-11|q1
140876912800,train,27.76,89.95,20.959,12.0,15-30,12+,q4,15-30|12+|q4
140904610002,train,50.92,208.57,2.782,7.0,45-60,6-7,q1,45-60|6-7|q1
140925108600,train,41.03,296.34,42.745,14.0,30-45,12+,q4,30-45|12+|q4
140933407100,train,28.19,224.54,4.37,6.0,15-30,6-7,q2,15-30|6-7|q2
141005492000,train,9.24,33.87,15.305,6.0,0-15,6-7,q4,0-15|6-7|q4
141006446000,train,22.6,258.56,4.331,6.0,15-30,6-7,q2,15-30|6-7|q2
141066894500,train,40.75,106.54,27.106,13.0,30-45,12+,q4,30-45|12+|q4
141100156100,test,49.85,119.57,4.739,6.0,45-60,6-7,q3,45-60|6-7|q3
141175579901,train,32.39,186.75,45.16,14.0,30-45,12+,q4,30-45|12+|q4
141175996200,train,23.23,44.12,2.761,6.0,15-30,6-7,q1,15-30|6-7|q1
141284364200,train,25.33,359.05,18.993,7.0,15-30,6-7,q4,15-30|6-7|q4
141362166000,train,23.14,253.94,50.524,12.0,15-30,12+,q4,15-30|12+|q4
141362682500,validation,40.92,46.73,56.449,17.0,30-45,12+,q4,30-45|12+|q4
141507075500,train,40.22,216.53,6.054,8.0,30-45,8-11,q3,30-45|8-11|q3
141607540500,train,11.57,4.16,14.34,6.0,0-15,6-7,q4,0-15|6-7|q4
141662789300,train,39.94,4.73,7.401,8.0,30-45,8-11,q3,30-45|8-11|q3
141673395300,validation,14.44,199.72,18.618,7.0,0-15,6-7,q4,0-15|6-7|q4
141724843900,train,36.01,145.31,3.25,8.0,30-45,8-11,q1,30-45|8-11|q1
141770264900,validation,55.23,32.37,5.277,7.0,45-60,6-7,q3,45-60|6-7|q3
141804466500,train,23.33,180.9,47.873,10.0,15-30,8-11,q4,15-30|8-11|q4
141886275100,test,14.42,149.83,10.409,8.0,0-15,8-11,q4,0-15|8-11|q4
141967932500,train,8.9,158.66,3.495,6.0,0-15,6-7,q2,0-15|6-7|q2
141977721600,train,3.83,184.92,13.728,8.0,0-15,8-11,q4,0-15|8-11|q4
142124342400,train,52.26,98.38,4.494,12.0,45-60,12+,q2,45-60|12+|q2
142232070900,test,55.6,329.74,4.331,8.0,45-60,8-11,q2,45-60|8-11|q2
142246801100,train,53.4,34.39,3.344,6.0,45-60,6-7,q2,45-60|6-7|q2
142307100400,test,58.16,120.15,5.001,7.0,45-60,6-7,q3,45-60|6-7|q3
142321216200,validation,37.68,49.24,9.251,6.0,30-45,6-7,q4,30-45|6-7|q4
142341000100,validation,44.51,305.24,30.316,15.0,30-45,12+,q4,30-45|12+|q4
142367991500,train,37.54,209.04,3.789,8.0,30-45,8-11,q2,30-45|8-11|q2
142511448400,train,14.55,63.62,10.21,7.0,0-15,6-7,q4,0-15|6-7|q4
142534038600,train,13.57,97.53,25.424,7.0,0-15,6-7,q4,0-15|6-7|q4
142550708000,train,23.96,159.39,2.762,6.0,15-30,6-7,q1,15-30|6-7|q1
142578521800,train,47.93,208.9,3.879,6.0,45-60,6-7,q2,45-60|6-7|q2
142644923200,test,37.4,8.25,2.75,6.0,30-45,6-7,q1,30-45|6-7|q1
142650750400,train,51.86,6.61,18.167,12.0,45-60,12+,q4,45-60|12+|q4
142711216000,test,27.98,46.83,4.295,6.0,15-30,6-7,q2,15-30|6-7|q2
142732431300,train,58.72,84.63,4.679,6.0,45-60,6-7,q2,45-60|6-7|q2
142790112700,validation,56.0,269.74,2.833,9.0,45-60,8-11,q1,45-60|8-11|q1
142793569600,train,15.4,266.22,3.621,6.0,15-30,6-7,q2,15-30|6-7|q2
142816207800,train,28.68,258.12,9.507,6.0,15-30,6-7,q4,15-30|6-7|q4
142816284000,train,34.36,59.18,29.794,10.0,30-45,8-11,q4,30-45|8-11|q4
142830186000,train,50.49,46.99,12.025,12.0,45-60,12+,q4,45-60|12+|q4
142835706201,train,48.73,190.85,15.686,11.0,45-60,8-11,q4,45-60|8-11|q4
142840418700,train,39.94,21.53,8.952,7.0,30-45,6-7,q4,30-45|6-7|q4
142853137100,validation,24.59,285.8,7.542,8.0,15-30,8-11,q3,15-30|8-11|q3
142984542900,test,48.25,306.54,2.678,8.0,45-60,8-11,q1,45-60|8-11|q1
143001954300,validation,52.27,253.4,17.619,14.0,45-60,12+,q4,45-60|12+|q4
143007683000,validation,7.21,204.67,10.585,7.0,0-15,6-7,q4,0-15|6-7|q4
143024870400,train,55.17,234.99,3.326,8.0,45-60,8-11,q1,45-60|8-11|q1
143035146300,train,11.34,348.26,2.668,6.0,0-15,6-7,q1,0-15|6-7|q1
143053799000,validation,43.36,129.4,5.753,6.0,30-45,6-7,q3,30-45|6-7|q3
143106044100,train,36.74,339.43,4.754,6.0,30-45,6-7,q3,30-45|6-7|q3
143112677300,train,41.68,150.62,43.942,13.0,30-45,12+,q4,30-45|12+|q4
143112929500,train,34.77,288.16,10.668,7.0,30-45,6-7,q4,30-45|6-7|q4
143144147300,train,41.47,329.59,3.862,8.0,30-45,8-11,q2,30-45|8-11|q2
143155868600,train,56.48,276.91,4.09,6.0,45-60,6-7,q2,45-60|6-7|q2
143191248900,train,5.0,241.75,19.839,8.0,0-15,8-11,q4,0-15|8-11|q4
143207295900,train,43.19,309.45,6.863,7.0,30-45,6-7,q3,30-45|6-7|q3
143222545800,train,32.12,262.24,6.782,8.0,30-45,8-11,q3,30-45|8-11|q3
143225334000,train,39.59,98.38,2.777,6.0,30-45,6-7,q1,30-45|6-7|q1
143230149600,train,59.57,317.66,5.68,12.0,45-60,12+,q3,45-60|12+|q3
143233083000,train,12.34,9.68,6.176,6.0,0-15,6-7,q3,0-15|6-7|q3
143297214000,validation,46.71,122.55,5.638,6.0,45-60,6-7,q3,45-60|6-7|q3
143340328600,train,37.13,261.49,6.84,8.0,30-45,8-11,q3,30-45|8-11|q3
143413759600,train,15.04,148.65,5.496,6.0,15-30,6-7,q3,15-30|6-7|q3
143414458700,train,42.12,109.38,8.899,7.0,30-45,6-7,q4,30-45|6-7|q4
143430629000,train,24.78,202.03,14.306,9.0,15-30,8-11,q4,15-30|8-11|q4
143445193100,train,52.44,287.82,3.035,6.0,45-60,6-7,q1,45-60|6-7|q1
143486886800,train,55.89,50.37,3.156,8.0,45-60,8-11,q1,45-60|8-11|q1
143496387000,train,6.47,163.54,14.759,6.0,0-15,6-7,q4,0-15|6-7|q4
143508540200,test,34.26,191.48,6.11,7.0,30-45,6-7,q3,30-45|6-7|q3
143576551600,train,52.54,208.17,5.057,8.0,45-60,8-11,q3,45-60|8-11|q3
143595668600,train,56.32,3.19,4.954,8.0,45-60,8-11,q3,45-60|8-11|q3
143621914600,train,23.51,204.06,5.076,6.0,15-30,6-7,q3,15-30|6-7|q3
150046237600,validation,55.39,351.66,8.236,7.0,45-60,6-7,q4,45-60|6-7|q4
150090089701,train,50.21,292.73,6.134,11.0,45-60,8-11,q3,45-60|8-11|q3
150484989001,test,46.93,133.62,8.212,7.0,45-60,6-7,q4,45-60|6-7|q4
150522751100,train,28.87,250.59,10.011,6.0,15-30,6-7,q4,15-30|6-7|q4
150525377200,train,43.08,151.03,2.567,6.0,30-45,6-7,q1,30-45|6-7|q1
150527982901,train,27.7,314.17,4.345,6.0,15-30,6-7,q2,15-30|6-7|q2
150556486400,train,58.43,276.21,5.116,13.0,45-60,12+,q3,45-60|12+|q3
150557578100,test,12.93,261.6,8.96,8.0,0-15,8-11,q4,0-15|8-11|q4
150622570300,train,17.65,229.18,9.412,7.0,15-30,6-7,q4,15-30|6-7|q4
150732165000,train,9.44,297.73,8.584,7.0,0-15,6-7,q4,0-15|6-7|q4
150773970400,test,36.41,158.02,4.609,6.0,30-45,6-7,q2,30-45|6-7|q2
150843282000,train,30.78,35.24,3.223,7.0,30-45,6-7,q1,30-45|6-7|q1
150843524000,validation,14.35,108.23,44.211,9.0,0-15,8-11,q4,0-15|8-11|q4
150900016700,train,25.01,320.89,2.922,6.0,15-30,6-7,q1,15-30|6-7|q1
150901049800,validation,9.48,329.24,8.797,7.0,0-15,6-7,q4,0-15|6-7|q4
151008504100,train,42.2,330.34,11.042,11.0,30-45,8-11,q4,30-45|8-11|q4
151065816000,validation,59.17,211.14,6.62,13.0,45-60,12+,q3,45-60|12+|q3
151096705500,train,27.91,207.53,4.225,7.0,15-30,6-7,q2,15-30|6-7|q2
151162606300,train,41.96,258.52,5.091,6.0,30-45,6-7,q3,30-45|6-7|q3
151171023300,train,13.81,320.55,5.181,6.0,0-15,6-7,q3,0-15|6-7|q3
151187700000,train,13.86,189.27,7.57,7.0,0-15,6-7,q3,0-15|6-7|q3
151290615700,train,36.96,214.79,27.905,13.0,30-45,12+,q4,30-45|12+|q4
151337119201,train,44.28,253.81,4.448,8.0,30-45,8-11,q2,30-45|8-11|q2
151361691500,train,25.11,81.53,5.394,8.0,15-30,8-11,q3,15-30|8-11|q3
151390919800,train,38.96,172.89,3.405,7.0,30-45,6-7,q2,30-45|6-7|q2
151392568100,validation,30.99,332.08,4.567,8.0,30-45,8-11,q2,30-45|8-11|q2
151411840900,train,59.69,55.42,2.626,9.0,45-60,8-11,q1,45-60|8-11|q1
151426399100,test,43.46,68.95,3.091,7.0,30-45,6-7,q1,30-45|6-7|q1
151433402300,train,39.68,220.12,99.034,19.0,30-45,12+,q4,30-45|12+|q4
151463319600,train,48.11,267.58,15.453,11.0,45-60,8-11,q4,45-60|8-11|q4
151496058800,validation,25.47,254.95,7.295,7.0,15-30,6-7,q3,15-30|6-7|q3
151505398101,train,48.06,137.81,7.981,7.0,45-60,6-7,q4,45-60|6-7|q4
151630847600,train,47.58,84.26,8.259,10.0,45-60,8-11,q4,45-60|8-11|q4
151695553900,validation,39.46,302.01,11.406,7.0,30-45,6-7,q4,30-45|6-7|q4
151713248500,train,47.77,285.03,4.138,6.0,45-60,6-7,q2,45-60|6-7|q2
151740638700,train,57.87,318.46,4.304,8.0,45-60,8-11,q2,45-60|8-11|q2
151857379800,train,27.82,277.29,36.579,12.0,15-30,12+,q4,15-30|12+|q4
151890076600,train,46.1,132.15,5.472,12.0,45-60,12+,q3,45-60|12+|q3
151950990400,test,30.0,28.83,3.917,6.0,15-30,6-7,q2,15-30|6-7|q2
151960245100,test,44.53,316.51,3.446,7.0,30-45,6-7,q2,30-45|6-7|q2
152025992000,train,27.89,22.89,7.816,6.0,15-30,6-7,q4,15-30|6-7|q4
152055279201,test,15.0,85.42,10.42,7.0,0-15,6-7,q4,0-15|6-7|q4
152123137400,train,26.23,86.47,2.818,7.0,15-30,6-7,q1,15-30|6-7|q1
152131651200,test,26.44,259.66,3.793,7.0,15-30,6-7,q2,15-30|6-7|q2
152135434800,train,27.27,83.88,3.386,8.0,15-30,8-11,q2,15-30|8-11|q2
152174885501,train,13.61,43.63,11.756,7.0,0-15,6-7,q4,0-15|6-7|q4
152181055400,train,44.58,148.9,4.251,7.0,30-45,6-7,q2,30-45|6-7|q2
152270948000,test,38.04,66.52,7.972,7.0,30-45,6-7,q4,30-45|6-7|q4
152363705100,validation,59.03,20.38,5.393,8.0,45-60,8-11,q3,45-60|8-11|q3
152364323000,train,20.3,313.91,126.449,14.0,15-30,12+,q4,15-30|12+|q4
152375204200,train,14.08,332.53,37.992,10.0,0-15,8-11,q4,0-15|8-11|q4
152403800900,train,52.52,171.38,3.446,8.0,45-60,8-11,q2,45-60|8-11|q2
152417735000,train,19.53,45.43,2.987,6.0,15-30,6-7,q1,15-30|6-7|q1
152741315800,train,57.98,352.91,3.262,8.0,45-60,8-11,q1,45-60|8-11|q1
152802689200,test,36.18,18.04,6.468,8.0,30-45,8-11,q3,30-45|8-11|q3
152811954400,test,58.78,111.25,3.095,8.0,45-60,8-11,q1,45-60|8-11|q1
152822748600,train,48.31,242.26,20.748,8.0,45-60,8-11,q4,45-60|8-11|q4
152875793200,test,38.64,17.76,4.341,8.0,30-45,8-11,q2,30-45|8-11|q2
152890840001,test,20.75,287.88,17.126,7.0,15-30,6-7,q4,15-30|6-7|q4
152950904500,train,42.1,255.87,2.949,6.0,30-45,6-7,q1,30-45|6-7|q1
152988425500,train,24.22,181.55,3.489,6.0,15-30,6-7,q2,15-30|6-7|q2
153067849800,train,47.87,355.97,5.73,7.0,45-60,6-7,q3,45-60|6-7|q3
153173100501,train,48.99,42.06,2.871,6.0,45-60,6-7,q1,45-60|6-7|q1
153210384900,train,44.91,172.88,6.136,6.0,30-45,6-7,q3,30-45|6-7|q3
153256488900,train,33.4,239.42,5.221,7.0,30-45,6-7,q3,30-45|6-7|q3
153318494200,train,26.3,221.36,11.527,6.0,15-30,6-7,q4,15-30|6-7|q4
153351874000,test,51.64,223.19,2.868,8.0,45-60,8-11,q1,45-60|8-11|q1
153447360900,train,44.63,23.98,4.016,8.0,30-45,8-11,q2,30-45|8-11|q2
153496054500,test,4.85,82.85,11.948,8.0,0-15,8-11,q4,0-15|8-11|q4
153526770500,train,25.57,0.64,2.787,6.0,15-30,6-7,q1,15-30|6-7|q1
153544785800,train,29.77,103.93,2.983,6.0,15-30,6-7,q1,15-30|6-7|q1
153610991800,train,48.59,176.2,5.774,11.0,45-60,8-11,q3,45-60|8-11|q3
160147912800,train,23.82,170.52,2.582,6.0,15-30,6-7,q1,15-30|6-7|q1
160163795500,train,44.11,319.05,5.952,9.0,30-45,8-11,q3,30-45|8-11|q3
160210414600,train,14.14,180.06,100.96,13.0,0-15,12+,q4,0-15|12+|q4
160217043800,validation,55.52,346.88,3.985,9.0,45-60,8-11,q2,45-60|8-11|q2
160221775000,train,57.07,105.49,6.564,12.0,45-60,12+,q3,45-60|12+|q3
160436226300,train,46.73,219.84,14.357,12.0,45-60,12+,q4,45-60|12+|q4
160445873100,train,20.37,181.32,2.543,6.0,15-30,6-7,q1,15-30|6-7|q1
160450419100,train,58.76,228.43,9.737,12.0,45-60,12+,q4,45-60|12+|q4
160465173500,train,48.13,245.42,5.827,10.0,45-60,8-11,q3,45-60|8-11|q3
160544821602,train,40.93,357.01,27.267,12.0,30-45,12+,q4,30-45|12+|q4
160596861400,train,7.45,355.83,14.923,9.0,0-15,8-11,q4,0-15|8-11|q4
160617952100,validation,34.12,214.75,8.245,6.0,30-45,6-7,q4,30-45|6-7|q4
160633457000,test,29.55,164.2,9.823,6.0,15-30,6-7,q4,15-30|6-7|q4
160637799400,train,24.19,156.87,38.445,12.0,15-30,12+,q4,15-30|12+|q4
160655946800,train,10.62,135.17,5.469,6.0,0-15,6-7,q3,0-15|6-7|q3
160691159900,validation,36.33,314.65,6.531,9.0,30-45,8-11,q3,30-45|8-11|q3
160708445200,train,37.16,25.94,2.757,6.0,30-45,6-7,q1,30-45|6-7|q1
160763622500,train,10.67,171.71,15.889,7.0,0-15,6-7,q4,0-15|6-7|q4
160793827800,train,52.14,324.4,2.891,7.0,45-60,6-7,q1,45-60|6-7|q1
160831326800,train,57.9,289.07,7.95,12.0,45-60,12+,q4,45-60|12+|q4
160865404900,train,13.82,64.74,5.141,6.0,0-15,6-7,q3,0-15|6-7|q3
160947574700,train,19.05,343.02,7.728,6.0,15-30,6-7,q4,15-30|6-7|q4
160950535500,train,42.36,23.83,20.228,11.0,30-45,8-11,q4,30-45|8-11|q4
160951060100,test,34.37,10.71,4.6,6.0,30-45,6-7,q2,30-45|6-7|q2
160960973000,train,51.03,354.09,2.961,8.0,45-60,8-11,q1,45-60|8-11|q1
160997882100,train,44.46,155.97,3.181,8.0,30-45,8-11,q1,30-45|8-11|q1
161027284500,train,12.34,167.0,10.412,6.0,0-15,6-7,q4,0-15|6-7|q4
161047160801,test,49.34,348.66,3.242,6.0,45-60,6-7,q1,45-60|6-7|q1
161061518700,train,49.06,306.75,13.762,11.0,45-60,8-11,q4,45-60|8-11|q4
161071939500,validation,50.67,202.24,6.65,12.0,45-60,12+,q3,45-60|12+|q3
161107437800,train,43.45,83.23,10.282,7.0,30-45,6-7,q4,30-45|6-7|q4
161116188500,validation,8.09,149.59,14.897,7.0,0-15,6-7,q4,0-15|6-7|q4
161150610701,train,37.13,133.66,24.222,12.0,30-45,12+,q4,30-45|12+|q4
161155438000,train,24.93,314.64,3.908,6.0,15-30,6-7,q2,15-30|6-7|q2
161210423100,train,59.94,24.57,16.128,13.0,45-60,12+,q4,45-60|12+|q4
161253809000,train,51.95,262.05,7.672,10.0,45-60,8-11,q4,45-60|8-11|q4
161433983700,validation,55.62,244.7,11.441,12.0,45-60,12+,q4,45-60|12+|q4
161437764600,train,57.91,208.71,2.907,8.0,45-60,8-11,q1,45-60|8-11|q1
161461435500,validation,52.58,195.52,3.957,6.0,45-60,6-7,q2,45-60|6-7|q2
161511665600,train,45.48,155.05,5.531,6.0,45-60,6-7,q3,45-60|6-7|q3
161622106700,train,49.68,26.3,5.718,6.0,45-60,6-7,q3,45-60|6-7|q3
161705499501,validation,23.18,250.63,7.851,7.0,15-30,6-7,q4,15-30|6-7|q4
161764196400,train,40.31,331.75,3.041,6.0,30-45,6-7,q1,30-45|6-7|q1
161880681000,train,47.32,189.49,4.116,6.0,45-60,6-7,q2,45-60|6-7|q2
161913450400,validation,55.71,150.54,8.283,12.0,45-60,12+,q4,45-60|12+|q4
161970068000,train,43.93,157.17,2.596,8.0,30-45,8-11,q1,30-45|8-11|q1
162020689900,validation,49.76,295.18,5.33,6.0,45-60,6-7,q3,45-60|6-7|q3
162041446800,validation,27.85,325.25,4.437,7.0,15-30,6-7,q2,15-30|6-7|q2
162045919400,train,17.81,140.9,4.585,6.0,15-30,6-7,q2,15-30|6-7|q2
162060255300,test,50.99,297.81,9.677,8.0,45-60,8-11,q4,45-60|8-11|q4
162130133800,train,59.23,29.55,22.569,18.0,45-60,12+,q4,45-60|12+|q4
162178389100,train,47.68,110.27,7.868,6.0,45-60,6-7,q4,45-60|6-7|q4
162217922600,validation,18.74,167.26,13.517,8.0,15-30,8-11,q4,15-30|8-11|q4
162246121700,train,41.91,92.99,4.755,8.0,30-45,8-11,q3,30-45|8-11|q3
162347714900,train,12.67,211.76,31.216,10.0,0-15,8-11,q4,0-15|8-11|q4
162415329101,train,48.37,33.18,3.226,6.0,45-60,6-7,q1,45-60|6-7|q1
162455591100,train,7.71,26.14,3.181,6.0,0-15,6-7,q1,0-15|6-7|q1
162511263900,train,44.99,160.12,8.098,6.0,30-45,6-7,q4,30-45|6-7|q4
162626086100,train,53.25,224.18,3.936,10.0,45-60,8-11,q2,45-60|8-11|q2
162706023800,train,26.32,294.97,5.91,7.0,15-30,6-7,q3,15-30|6-7|q3
162744549000,train,59.37,108.1,5.448,9.0,45-60,8-11,q3,45-60|8-11|q3
162820604400,test,55.83,122.64,4.495,12.0,45-60,12+,q2,45-60|12+|q2
162830764700,train,46.5,18.95,4.168,7.0,45-60,6-7,q2,45-60|6-7|q2
162851853900,test,26.2,200.83,6.095,6.0,15-30,6-7,q3,15-30|6-7|q3
162866736400,validation,54.75,352.01,6.707,7.0,45-60,6-7,q3,45-60|6-7|q3
162936875300,train,49.25,151.55,7.99,7.0,45-60,6-7,q4,45-60|6-7|q4
162967808400,validation,39.74,208.2,2.857,7.0,30-45,6-7,q1,30-45|6-7|q1
163051054600,train,42.31,63.77,5.446,8.0,30-45,8-11,q3,30-45|8-11|q3
163083944500,train,55.38,254.53,4.823,9.0,45-60,8-11,q3,45-60|8-11|q3
163088146200,validation,34.52,27.86,9.336,6.0,30-45,6-7,q4,30-45|6-7|q4
163176891800,train,13.93,316.1,5.365,6.0,0-15,6-7,q3,0-15|6-7|q3
163312139200,train,41.81,328.74,2.792,8.0,30-45,8-11,q1,30-45|8-11|q1
163421031800,train,34.13,94.33,7.604,7.0,30-45,6-7,q3,30-45|6-7|q3
163560227600,train,58.51,300.95,3.24,9.0,45-60,8-11,q1,45-60|8-11|q1
163586488300,test,25.78,79.35,11.387,9.0,15-30,8-11,q4,15-30|8-11|q4
163611523500,train,50.03,352.06,3.445,8.0,45-60,8-11,q2,45-60|8-11|q2
163624954900,train,6.18,287.09,6.238,6.0,0-15,6-7,q3,0-15|6-7|q3
170090885300,train,38.96,34.99,5.5,6.0,30-45,6-7,q3,30-45|6-7|q3
170136010300,train,29.46,21.2,12.339,7.0,15-30,6-7,q4,15-30|6-7|q4
170218150302,train,40.14,207.23,2.684,8.0,30-45,8-11,q1,30-45|8-11|q1
170366248800,train,49.61,36.21,7.78,7.0,45-60,6-7,q4,45-60|6-7|q4
170436772800,validation,28.23,247.38,5.224,6.0,15-30,6-7,q3,15-30|6-7|q3
170456582300,train,21.31,305.17,38.165,11.0,15-30,8-11,q4,15-30|8-11|q4
170468168801,train,41.56,283.24,8.836,7.0,30-45,6-7,q4,30-45|6-7|q4
170500717400,train,50.66,60.76,9.817,9.0,45-60,8-11,q4,45-60|8-11|q4
170568368601,train,44.44,245.99,3.762,7.0,30-45,6-7,q2,30-45|6-7|q2
170593235400,train,16.03,284.42,4.595,6.0,15-30,6-7,q2,15-30|6-7|q2
170651178800,train,53.38,15.26,3.757,6.0,45-60,6-7,q2,45-60|6-7|q2
170674494800,train,46.63,3.73,4.107,8.0,45-60,8-11,q2,45-60|8-11|q2
170695022100,validation,23.8,255.45,2.901,6.0,15-30,6-7,q1,15-30|6-7|q1
170747433100,train,8.59,3.64,24.134,8.0,0-15,8-11,q4,0-15|8-11|q4
170784777000,train,21.9,76.63,3.104,6.0,15-30,6-7,q1,15-30|6-7|q1
170812677600,train,7.99,192.41,7.291,6.0,0-15,6-7,q3,0-15|6-7|q3
170895796500,train,39.1,130.37,3.662,7.0,30-45,6-7,q2,30-45|6-7|q2
171014365400,train,30.44,160.13,16.612,8.0,30-45,8-11,q4,30-45|8-11|q4
171031640200,test,45.99,245.75,7.71,7.0,45-60,6-7,q4,45-60|6-7|q4
171087777700,train,38.84,320.94,3.952,7.0,30-45,6-7,q2,30-45|6-7|q2
171218489200,train,22.65,95.96,11.946,9.0,15-30,8-11,q4,15-30|8-11|q4
171230080700,train,58.68,119.23,2.539,7.0,45-60,6-7,q1,45-60|6-7|q1
171247104300,validation,48.37,133.51,7.243,7.0,45-60,6-7,q3,45-60|6-7|q3
171303368000,test,21.93,127.6,22.201,8.0,15-30,8-11,q4,15-30|8-11|q4
171304058900,train,33.89,296.94,9.908,7.0,30-45,6-7,q4,30-45|6-7|q4
171308544200,validation,8.73,39.95,3.977,6.0,0-15,6-7,q2,0-15|6-7|q2
171361529500,validation,43.94,133.03,7.736,8.0,30-45,8-11,q4,30-45|8-11|q4
171407099600,train,46.79,348.41,2.821,6.0,45-60,6-7,q1,45-60|6-7|q1
171525446200,train,52.74,108.99,17.484,11.0,45-60,8-11,q4,45-60|8-11|q4
171551424500,train,14.38,118.68,3.979,6.0,0-15,6-7,q2,0-15|6-7|q2
171596027400,validation,37.34,278.84,12.19,10.0,30-45,8-11,q4,30-45|8-11|q4
171630736800,train,21.99,85.33,2.709,6.0,15-30,6-7,q1,15-30|6-7|q1
171655125400,train,40.27,171.67,2.673,6.0,30-45,6-7,q1,30-45|6-7|q1
171675555400,train,11.92,6.89,14.209,7.0,0-15,6-7,q4,0-15|6-7|q4
171712424200,train,9.74,173.56,3.701,7.0,0-15,6-7,q2,0-15|6-7|q2
171740636400,test,19.28,257.2,15.99,8.0,15-30,8-11,q4,15-30|8-11|q4
171832747200,train,48.86,168.08,8.175,7.0,45-60,6-7,q4,45-60|6-7|q4
171836163500,train,22.66,52.4,5.107,6.0,15-30,6-7,q3,15-30|6-7|q3
171851702800,train,31.87,280.29,9.424,7.0,30-45,6-7,q4,30-45|6-7|q4
172040333901,train,45.83,149.91,8.916,7.0,45-60,6-7,q4,45-60|6-7|q4
172041350600,test,34.7,237.03,4.091,8.0,30-45,8-11,q2,30-45|8-11|q2
172084321900,train,45.47,153.78,2.513,6.0,45-60,6-7,q1,45-60|6-7|q1
172138472900,validation,45.65,59.29,8.186,6.0,45-60,6-7,q4,45-60|6-7|q4
172191298900,train,16.08,284.11,7.724,6.0,15-30,6-7,q4,15-30|6-7|q4
172248532900,train,11.43,354.18,6.641,7.0,0-15,6-7,q3,0-15|6-7|q3
172275006700,train,56.77,281.8,11.496,8.0,45-60,8-11,q4,45-60|8-11|q4
172292655900,train,39.11,328.7,5.434,7.0,30-45,6-7,q3,30-45|6-7|q3
172306884400,train,26.04,110.7,11.919,8.0,15-30,8-11,q4,15-30|8-11|q4
172347471900,train,45.56,266.8,4.421,8.0,45-60,8-11,q2,45-60|8-11|q2
172534107600,train,48.26,293.99,7.124,7.0,45-60,6-7,q3,45-60|6-7|q3
172537473600,train,51.48,212.71,4.952,6.0,45-60,6-7,q3,45-60|6-7|q3
172553593200,train,37.75,139.42,13.299,11.0,30-45,8-11,q4,30-45|8-11|q4
172615259101,validation,22.88,286.02,8.076,6.0,15-30,6-7,q4,15-30|6-7|q4
172623098500,train,49.03,286.88,8.756,7.0,45-60,6-7,q4,45-60|6-7|q4
172661560500,train,10.59,322.55,15.232,6.0,0-15,6-7,q4,0-15|6-7|q4
172696783800,train,50.0,343.73,16.457,11.0,45-60,8-11,q4,45-60|8-11|q4
172722667200,train,4.13,176.05,10.275,8.0,0-15,8-11,q4,0-15|8-11|q4
172761903100,test,54.56,3.83,10.3,10.0,45-60,8-11,q4,45-60|8-11|q4
172767979500,test,50.04,97.51,3.453,6.0,45-60,6-7,q2,45-60|6-7|q2
172772129100,train,44.28,242.5,2.667,6.0,30-45,6-7,q1,30-45|6-7|q1
172822717800,train,44.58,77.16,2.882,6.0,30-45,6-7,q1,30-45|6-7|q1
172912526700,test,37.74,330.75,6.496,9.0,30-45,8-11,q3,30-45|8-11|q3
172941986100,test,56.89,54.49,5.627,12.0,45-60,12+,q3,45-60|12+|q3
173021963400,train,29.26,319.17,5.709,8.0,15-30,8-11,q3,15-30|8-11|q3
173040330400,train,48.38,222.48,9.488,10.0,45-60,8-11,q4,45-60|8-11|q4
173064766400,train,57.51,333.65,5.007,7.0,45-60,6-7,q3,45-60|6-7|q3
173105481500,validation,15.52,160.44,3.685,6.0,15-30,6-7,q2,15-30|6-7|q2
173207663400,train,29.79,157.29,3.567,6.0,15-30,6-7,q2,15-30|6-7|q2
173231451000,test,8.83,163.45,5.414,7.0,0-15,6-7,q3,0-15|6-7|q3
173307696700,test,11.26,112.37,10.277,8.0,0-15,8-11,q4,0-15|8-11|q4
173332510100,train,36.86,113.35,7.81,7.0,30-45,6-7,q4,30-45|6-7|q4
173366967700,train,51.37,120.99,13.145,12.0,45-60,12+,q4,45-60|12+|q4
173390315300,validation,4.76,320.78,10.266,6.0,0-15,6-7,q4,0-15|6-7|q4
173438488700,train,23.6,281.32,8.016,6.0,15-30,6-7,q4,15-30|6-7|q4
173458183200,train,32.14,171.05,6.512,6.0,30-45,6-7,q3,30-45|6-7|q3
173496697500,train,39.59,355.24,12.963,9.0,30-45,8-11,q4,30-45|8-11|q4
173501515000,test,11.21,333.24,9.925,8.0,0-15,8-11,q4,0-15|8-11|q4
173507881200,train,20.49,261.28,13.261,8.0,15-30,8-11,q4,15-30|8-11|q4
173544180901,test,7.55,230.53,14.207,7.0,0-15,6-7,q4,0-15|6-7|q4
173561613200,validation,50.66,45.63,2.696,6.0,45-60,6-7,q1,45-60|6-7|q1
173563279901,test,53.56,54.66,4.967,7.0,45-60,6-7,q3,45-60|6-7|q3
173572301101,test,49.05,87.14,3.514,7.0,45-60,6-7,q2,45-60|6-7|q2
173577614800,train,46.71,335.79,10.29,7.0,45-60,6-7,q4,45-60|6-7|q4
173607616500,train,14.38,101.85,10.616,6.0,0-15,6-7,q4,0-15|6-7|q4
173613029701,train,43.13,124.46,4.138,8.0,30-45,8-11,q2,30-45|8-11|q2
173624541700,train,43.15,5.57,4.37,9.0,30-45,8-11,q2,30-45|8-11|q2
173630057600,train,54.13,56.8,9.517,8.0,45-60,8-11,q4,45-60|8-11|q4
173634426400,train,52.42,202.07,4.356,8.0,45-60,8-11,q2,45-60|8-11|q2
180025228000,train,56.11,269.07,7.217,12.0,45-60,12+,q3,45-60|12+|q3
180073301800,train,32.63,267.72,7.811,7.0,30-45,6-7,q4,30-45|6-7|q4
180087777400,test,12.1,35.63,27.837,8.0,0-15,8-11,q4,0-15|8-11|q4
180190528500,train,42.6,258.21,6.465,7.0,30-45,6-7,q3,30-45|6-7|q3
180195053200,validation,33.29,345.21,47.926,13.0,30-45,12+,q4,30-45|12+|q4
180267956100,train,28.01,105.44,8.893,8.0,15-30,8-11,q4,15-30|8-11|q4
180356015201,train,35.2,236.12,7.362,10.0,30-45,8-11,q3,30-45|8-11|q3
180365173000,validation,40.41,173.06,6.93,8.0,30-45,8-11,q3,30-45|8-11|q3
180491132800,validation,19.73,140.54,10.816,7.0,15-30,6-7,q4,15-30|6-7|q4
180545665700,validation,59.04,201.63,5.401,8.0,45-60,8-11,q3,45-60|8-11|q3
180595101400,train,57.66,48.38,3.269,6.0,45-60,6-7,q1,45-60|6-7|q1
180601053500,train,27.05,249.67,2.919,7.0,15-30,6-7,q1,15-30|6-7|q1
180627296400,train,33.92,124.37,9.835,8.0,30-45,8-11,q4,30-45|8-11|q4
180645285700,validation,31.38,38.37,5.965,7.0,30-45,6-7,q3,30-45|6-7|q3
180757923600,validation,9.36,215.99,4.116,6.0,0-15,6-7,q2,0-15|6-7|q2
180841719600,train,28.72,75.93,3.151,6.0,15-30,6-7,q1,15-30|6-7|q1
180843177100,train,41.53,149.84,4.424,6.0,30-45,6-7,q2,30-45|6-7|q2
180845490400,train,59.98,85.99,2.969,7.0,45-60,6-7,q1,45-60|6-7|q1
180856176400,train,57.22,248.98,15.024,18.0,45-60,12+,q4,45-60|12+|q4
180934350200,train,46.24,20.28,4.752,7.0,45-60,6-7,q3,45-60|6-7|q3
180945474201,train,37.88,122.6,5.837,7.0,30-45,6-7,q3,30-45|6-7|q3
180970673800,train,56.75,323.07,4.079,8.0,45-60,8-11,q2,45-60|8-11|q2
180975512400,train,35.98,28.11,10.147,7.0,30-45,6-7,q4,30-45|6-7|q4
180982430800,test,58.95,68.25,7.686,12.0,45-60,12+,q4,45-60|12+|q4
180982641600,train,10.89,226.25,7.846,8.0,0-15,8-11,q4,0-15|8-11|q4
180993892600,train,18.46,329.99,2.716,6.0,15-30,6-7,q1,15-30|6-7|q1
180998232600,train,18.74,226.22,4.553,7.0,15-30,6-7,q2,15-30|6-7|q2
181047040700,train,2.91,47.63,7.965,6.0,0-15,6-7,q4,0-15|6-7|q4
181107607900,train,14.59,76.72,3.715,6.0,0-15,6-7,q2,0-15|6-7|q2
181138035600,train,41.93,177.85,4.787,8.0,30-45,8-11,q3,30-45|8-11|q3
181151215601,test,38.14,42.81,2.949,6.0,30-45,6-7,q1,30-45|6-7|q1
181164109100,train,58.12,55.41,6.634,9.0,45-60,8-11,q3,45-60|8-11|q3
181187767601,train,14.63,221.46,5.364,7.0,0-15,6-7,q3,0-15|6-7|q3
181190424700,test,12.7,116.28,4.237,6.0,0-15,6-7,q2,0-15|6-7|q2
181227958100,test,54.35,282.46,9.311,11.0,45-60,8-11,q4,45-60|8-11|q4
181233106500,train,42.76,25.15,3.639,8.0,30-45,8-11,q2,30-45|8-11|q2
181270519100,train,8.47,61.97,15.338,8.0,0-15,8-11,q4,0-15|8-11|q4
181273427900,train,12.9,229.14,3.101,6.0,0-15,6-7,q1,0-15|6-7|q1
181314573001,test,30.42,17.35,2.596,7.0,30-45,6-7,q1,30-45|6-7|q1
181371490200,train,54.34,201.75,4.957,6.0,45-60,6-7,q3,45-60|6-7|q3
181385894400,train,55.73,201.31,4.113,8.0,45-60,8-11,q2,45-60|8-11|q2
181398004900,train,28.84,157.06,5.383,6.0,15-30,6-7,q3,15-30|6-7|q3
181456859701,train,31.61,273.89,4.072,6.0,30-45,6-7,q2,30-45|6-7|q2
181610769800,validation,43.18,32.19,4.409,9.0,30-45,8-11,q2,30-45|8-11|q2
181663442200,train,58.99,114.13,2.741,8.0,45-60,8-11,q1,45-60|8-11|q1
181685601100,validation,57.0,300.79,3.093,8.0,45-60,8-11,q1,45-60|8-11|q1
181820959900,train,59.0,166.53,6.338,10.0,45-60,8-11,q3,45-60|8-11|q3
181830018800,test,14.07,1.31,6.076,6.0,0-15,6-7,q3,0-15|6-7|q3
181860700000,train,40.59,19.45,8.422,7.0,30-45,6-7,q4,30-45|6-7|q4
181895559500,validation,11.47,351.62,16.556,6.0,0-15,6-7,q4,0-15|6-7|q4
181991046900,test,47.56,69.88,8.159,6.0,45-60,6-7,q4,45-60|6-7|q4
182001772700,validation,59.47,310.99,2.961,7.0,45-60,6-7,q1,45-60|6-7|q1
182013934000,test,49.23,198.5,7.282,7.0,45-60,6-7,q3,45-60|6-7|q3
182058539500,validation,54.75,177.22,4.526,8.0,45-60,8-11,q2,45-60|8-11|q2
182097512400,test,28.25,31.55,10.949,8.0,15-30,8-11,q4,15-30|8-11|q4
182132050800,train,38.47,226.68,31.45,12.0,30-45,12+,q4,30-45|12+|q4
182242031900,train,45.36,299.97,8.913,7.0,45-60,6-7,q4,45-60|6-7|q4
182256771001,train,29.23,169.23,3.805,6.0,15-30,6-7,q2,15-30|6-7|q2
182312616500,train,49.25,180.56,2.634,6.0,45-60,6-7,q1,45-60|6-7|q1
182365782400,train,46.32,1.77,4.132,8.0,45-60,8-11,q2,45-60|8-11|q2
182400342901,test,52.57,299.35,12.387,11.0,45-60,8-11,q4,45-60|8-11|q4
